customer_id,salary_delay_days,salary_amount_variance,salary_frequency_irregular,savings_drawdown_rate_4w,savings_balance_trend_slope,emergency_fund_days,upi_lending_app_txn_count_30d,upi_lending_app_amount_30d,upi_lending_app_diversity,utility_payment_delay_avg,bill_payment_delay_max,discretionary_spend_pct_change,essential_spend_ratio,atm_withdrawal_spike_30d,has_loan,emi_to_income_ratio,loan_to_income_ratio,age,monthly_income,employment_type,city_tier,will_default_in_21_days
CUST00000001,0,0.0048,0,-0.0713,-308.42,496.7,0,0.0,0,0.0,0.0,-0.3148,0.4767,0.0,1,0.2622,0.6392,40,64552.93,SALARIED,TIER_1,0
CUST00000002,-1,0.0,0,-0.0415,-331.15,232.6,0,0.0,0,1.1,2.0,-0.0026,0.7028,0.0,0,0.0,0.0,42,63357.3,SELF_EMPLOYED,TIER_1,0
CUST00000003,0,0.009,0,-0.0806,-658.35,110.1,0,0.0,0,1.7,4.0,-0.5855,0.9128,0.0,1,0.4416,4.802,37,70193.67,SALARIED,TIER_1,1
CUST00000004,0,0.0291,0,-0.0223,-50.81,205.0,1,15611.51,1,2.6,4.0,-0.2261,0.837,1.5,1,0.1511,0.1606,46,100819.29,SALARIED,TIER_1,0
CUST00000005,0,0.0355,0,0.0433,578.25,297.5,0,0.0,0,0.0,0.0,1.1886,0.4155,1.5,0,0.0,0.0,26,46001.04,SALARIED,TIER_1,0
CUST00000006,0,0.1244,0,-0.3485,-596.04,9.6,3,24476.87,3,8.9,14.0,-0.0202,0.8152,0.0,0,0.0,0.0,26,61770.54,SALARIED,TIER_1,0
CUST00000007,-1,0.0,0,0.0469,2428.7,795.9,0,0.0,0,0.0,0.0,0.962,0.3383,0.5,0,0.0,0.0,51,207275.24,BUSINESS,TIER_3,0
CUST00000008,0,0.0111,0,0.0742,924.47,597.4,0,0.0,0,0.0,0.0,-0.3357,0.7645,0.0,0,0.0,0.0,40,72968.92,SALARIED,TIER_1,0
CUST00000009,0,0.0014,0,0.0333,125.25,220.7,0,0.0,0,1.6,4.0,-0.8043,0.958,0.5,1,0.3718,0.2091,49,97577.91,SALARIED,TIER_1,1
CUST00000010,-1,0.0,0,-0.0552,-212.1,111.5,0,0.0,0,1.3,4.0,-0.9207,0.9155,1.5,0,0.0,0.0,26,47787.7,GIG_WORKER,TIER_3,0
CUST00000011,0,0.0114,0,0.0671,591.68,848.2,0,0.0,0,0.0,0.0,-0.4204,0.6939,0.0,1,0.3293,3.0052,44,103547.22,SALARIED,TIER_2,0
CUST00000012,-1,0.0,0,-0.0212,-127.79,607.3,0,0.0,0,0.0,0.0,-0.526,0.3733,0.0,0,0.0,0.0,33,65958.34,SELF_EMPLOYED,TIER_1,0
CUST00000013,0,0.0223,0,-0.0002,16.99,924.9,0,0.0,0,0.0,0.0,0.2839,0.1561,0.0,1,0.3659,5.3049,38,83447.65,SALARIED,TIER_1,0
CUST00000014,0,0.0074,0,0.0093,750.05,960.0,0,0.0,0,0.0,0.0,-0.3871,0.6183,0.0,0,0.0,0.0,39,58918.13,SALARIED,TIER_1,0
CUST00000015,0,0.014,0,0.0092,153.04,230.8,0,0.0,0,0.0,0.0,1.3635,0.4949,0.0,1,0.1383,0.1297,33,54315.77,SALARIED,TIER_2,0
CUST00000016,0,0.0377,0,0.068,261.98,353.5,0,0.0,0,1.9,4.0,0.0,0.768,1.5,1,0.5879,0.5144,46,113926.66,SALARIED,TIER_3,0
CUST00000017,-1,0.0,0,-0.0987,-284.03,285.9,0,0.0,0,2.0,4.0,-0.1243,0.4846,0.0,0,0.0,0.0,36,121408.56,BUSINESS,TIER_2,0
CUST00000018,0,0.0296,0,0.064,1411.23,1056.5,0,0.0,0,0.0,0.0,-0.1132,0.5072,0.0,1,0.1729,0.2918,34,76616.78,SALARIED,TIER_1,0
CUST00000019,0,0.0245,0,0.0455,623.51,1009.5,0,0.0,0,0.0,0.0,-0.5476,0.648,0.0,0,0.0,0.0,36,78374.89,SALARIED,TIER_2,0
CUST00000020,-1,0.0,0,0.177,1593.59,776.9,0,0.0,0,0.0,0.0,0.5031,0.7252,0.0,1,0.1611,0.2517,33,80456.14,SELF_EMPLOYED,TIER_2,0
CUST00000021,0,0.0298,0,-0.2762,-669.91,18.1,1,22753.01,1,9.2,12.0,-0.5996,0.9102,0.0,1,0.186,2.2674,38,86233.62,SALARIED,TIER_3,1
CUST00000022,0,0.0283,0,-0.0368,-544.73,193.5,0,0.0,0,0.0,0.0,-0.5852,0.8175,1.5,0,0.0,0.0,40,65466.01,SALARIED,TIER_2,0
CUST00000023,1,0.0092,0,0.075,297.52,170.0,0,0.0,0,2.1,4.0,1.0975,0.771,0.5,0,0.0,0.0,29,63065.4,SALARIED,TIER_1,0
CUST00000024,0,0.0139,0,-0.0176,-923.08,603.8,0,0.0,0,0.0,0.0,-0.3736,0.5913,0.5,1,0.5058,0.2529,41,103502.72,SALARIED,TIER_1,0
CUST00000025,-1,0.0,0,-0.3382,-512.85,5.1,4,66184.84,2,9.4,14.0,-1.0,1.0,2.5,0,0.0,0.0,49,110623.48,SELF_EMPLOYED,TIER_1,0
CUST00000026,0,0.0178,0,-0.3525,-334.54,5.1,2,31181.16,2,9.7,14.0,1.6932,0.805,0.5,0,0.0,0.0,33,45801.96,SALARIED,TIER_1,1
CUST00000027,0,0.1057,0,-0.3342,-473.61,16.2,0,0.0,0,7.8,12.0,-0.2631,0.8499,0.0,1,0.4723,0.6199,31,70008.73,SALARIED,TIER_2,0
CUST00000028,0,0.0448,0,-0.0306,-195.19,651.1,0,0.0,0,0.0,0.0,0.444,0.5174,0.0,1,0.2336,0.1752,26,63864.68,SALARIED,TIER_2,0
CUST00000029,-1,0.0,0,0.1053,1255.39,310.5,0,0.0,0,0.0,0.0,-0.3081,0.4152,1.5,1,0.3889,3.4518,31,65320.38,SELF_EMPLOYED,TIER_2,0
CUST00000030,-1,0.0,0,0.0525,1207.33,587.8,0,0.0,0,0.0,0.0,1.7322,0.3909,0.0,1,0.2206,0.0965,32,233824.23,BUSINESS,TIER_1,0
CUST00000031,-1,0.0,0,-0.1451,-211.51,12.7,2,33739.17,2,9.9,14.0,-0.0915,0.7036,0.0,1,0.2685,0.772,36,74315.79,BUSINESS,TIER_1,1
CUST00000032,-1,0.0,0,0.0003,350.3,329.0,0,0.0,0,0.0,0.0,-0.1532,0.2991,3.0,1,0.2648,0.5131,24,102706.73,SELF_EMPLOYED,TIER_1,0
CUST00000033,-1,0.0,0,-0.0113,59.86,593.4,0,0.0,0,1.8,4.0,-0.1427,0.7547,0.0,0,0.0,0.0,31,55028.35,SELF_EMPLOYED,TIER_2,0
CUST00000034,0,0.023,0,0.1583,1088.79,383.1,0,0.0,0,0.0,0.0,-0.4369,0.3639,1.5,1,0.3184,2.945,38,53843.17,SALARIED,TIER_2,0
CUST00000035,0,0.0828,0,-0.3029,-508.45,35.3,0,0.0,0,9.0,14.0,-0.4813,0.9512,0.0,1,0.2045,0.3195,29,52082.5,SALARIED,TIER_1,1
CUST00000036,0,0.0092,0,0.0447,326.56,396.1,0,0.0,0,0.0,0.0,-0.3316,0.5707,0.0,1,0.1844,0.2305,40,71872.3,SALARIED,TIER_2,1
CUST00000037,0,0.0009,0,0.0614,387.11,614.9,0,0.0,0,0.0,0.0,-0.1545,0.6412,0.0,1,0.6593,0.4121,42,62713.29,SALARIED,TIER_2,0
CUST00000038,0,0.0293,0,0.0437,313.47,400.7,0,0.0,0,0.0,0.0,0.3725,0.6182,0.0,1,0.205,0.2947,53,107406.16,SALARIED,TIER_1,1
CUST00000039,4,0.0781,0,-0.2562,-520.29,16.7,3,46978.29,3,8.8,14.0,0.0,0.839,0.0,0,0.0,0.0,38,96523.52,SALARIED,TIER_2,1
CUST00000040,0,0.1191,0,-0.2855,-482.13,12.7,2,19284.73,1,8.2,14.0,1.2949,0.86,1.0,1,0.2249,0.3093,30,66862.4,SALARIED,TIER_1,0
CUST00000041,0,0.0292,0,-0.0134,-83.95,258.3,0,0.0,0,2.3,4.0,0.0,0.6584,0.0,0,0.0,0.0,50,102960.15,SALARIED,TIER_1,1
CUST00000042,-1,0.0,0,-0.1942,-836.0,45.5,2,45344.4,2,8.8,13.0,-1.0,1.0,0.0,1,0.182,1.5807,49,155197.58,BUSINESS,TIER_2,1
CUST00000043,3,0.0292,0,-0.2667,-969.22,15.9,2,21002.92,2,8.7,12.0,5.9348,0.5858,2.0,1,0.1352,0.2282,39,100613.12,SALARIED,TIER_2,1
CUST00000044,0,0.0131,0,-0.0927,-458.13,115.0,0,0.0,0,2.4,3.0,-0.5236,0.8405,1.0,1,0.2619,0.5402,31,72837.84,SALARIED,TIER_2,0
CUST00000045,-1,0.0,0,0.0501,139.93,240.5,0,0.0,0,0.0,0.0,-0.2766,0.6999,0.0,1,0.3016,0.245,37,42559.91,SELF_EMPLOYED,TIER_3,0
CUST00000046,0,0.0249,0,0.0351,281.17,559.6,0,0.0,0,0.0,0.0,-0.7996,0.8605,0.5,1,0.4941,0.4015,44,86312.42,SALARIED,TIER_3,0
CUST00000047,0,0.018,0,0.1152,1744.14,532.7,0,0.0,0,0.0,0.0,1.0085,0.469,0.0,1,0.1454,0.2635,40,75289.3,SALARIED,TIER_3,0
CUST00000048,0,0.0276,0,0.026,416.25,350.1,0,0.0,0,0.0,0.0,-0.1335,0.5426,1.5,1,0.3877,3.6103,34,69267.72,SALARIED,TIER_2,0
CUST00000049,-1,0.0,0,0.1257,1562.48,908.5,0,0.0,0,0.0,0.0,0.4344,0.3172,0.5,1,0.5624,3.058,43,77344.47,BUSINESS,TIER_1,0
CUST00000050,0,0.0294,0,0.076,1167.22,789.8,0,0.0,0,0.0,0.0,-0.7534,0.758,0.5,1,0.2487,0.2021,50,111175.49,SALARIED,TIER_2,0
CUST00000051,0,0.0276,0,0.0163,626.48,949.9,0,0.0,0,0.0,0.0,-0.5924,0.5216,0.0,1,0.3028,0.3217,37,77003.56,SALARIED,TIER_2,0
CUST00000052,0,0.0695,0,-0.1857,-303.74,14.0,3,45709.25,3,8.5,14.0,-0.2247,0.9311,0.0,1,0.6794,0.637,32,47893.22,SALARIED,TIER_1,1
CUST00000053,0,0.0042,0,0.0589,515.78,629.1,0,0.0,0,0.0,0.0,0.5056,0.584,0.0,0,0.0,0.0,41,70317.95,SALARIED,TIER_2,0
CUST00000054,-1,0.0,0,-0.0758,-613.61,416.6,0,0.0,0,0.0,0.0,-0.152,0.4538,0.0,1,0.2436,3.1361,46,81388.55,SELF_EMPLOYED,TIER_1,0
CUST00000055,0,0.0121,0,0.1128,1984.77,633.9,0,0.0,0,0.0,0.0,-0.5533,0.4804,1.5,0,0.0,0.0,50,88959.55,SALARIED,TIER_2,0
CUST00000056,-1,0.0,0,-0.0567,-285.95,196.0,0,0.0,0,2.0,4.0,0.4255,0.6409,0.0,0,0.0,0.0,44,131225.41,BUSINESS,TIER_1,0
CUST00000057,-1,0.0,0,0.149,4112.32,1072.1,0,0.0,0,0.0,0.0,1.2469,0.5422,0.0,1,0.2946,2.6327,38,159388.59,BUSINESS,TIER_2,0
CUST00000058,-1,0.0,0,0.0365,119.5,57.6,1,17948.18,1,1.9,4.0,-0.7353,0.5793,0.0,1,0.3127,0.8209,26,27025.24,GIG_WORKER,TIER_1,1
CUST00000059,0,0.0151,0,0.017,223.97,567.8,0,0.0,0,0.0,0.0,-0.658,0.7441,0.0,1,0.2215,0.4015,31,52266.3,SALARIED,TIER_1,1
CUST00000060,0,0.027,0,0.0759,775.3,722.9,0,0.0,0,0.0,0.0,0.1509,0.634,0.0,1,0.3532,3.4221,24,56068.31,SALARIED,TIER_3,0
CUST00000061,-1,0.0,0,0.107,4266.34,1445.2,0,0.0,0,0.0,0.0,1.9776,0.3809,0.0,0,0.0,0.0,55,164801.7,BUSINESS,TIER_1,0
CUST00000062,-1,0.0,0,-0.1743,-576.78,18.3,1,19859.95,1,8.2,12.0,0.0,0.8805,2.5,1,0.1713,0.4069,29,83228.84,SELF_EMPLOYED,TIER_3,1
CUST00000063,0,0.0005,0,0.1473,1104.18,477.5,0,0.0,0,0.0,0.0,1.0321,0.259,0.5,1,0.2964,0.7224,30,71670.59,SALARIED,TIER_3,0
CUST00000064,-1,0.0,0,-0.0761,-626.14,175.7,0,0.0,0,1.7,4.0,0.3203,0.4991,0.0,1,0.3202,4.0628,36,67208.29,SELF_EMPLOYED,TIER_2,0
CUST00000065,-1,0.0,0,-0.0194,-94.56,143.3,0,0.0,0,0.0,0.0,-0.6037,0.5059,2.0,0,0.0,0.0,35,45158.61,SELF_EMPLOYED,TIER_1,0
CUST00000066,-1,0.0,0,-0.171,-606.31,25.9,4,56577.87,3,10.2,14.0,0.0,1.0,0.5,1,0.2219,1.3593,37,110329.75,SELF_EMPLOYED,TIER_3,1
CUST00000067,-1,0.0,0,0.0731,1455.47,1138.5,0,0.0,0,0.0,0.0,1.3061,0.3326,0.0,1,0.2312,0.6648,39,100219.09,SELF_EMPLOYED,TIER_2,0
CUST00000068,0,0.0255,0,-0.0149,-520.02,845.4,0,0.0,0,0.0,0.0,-0.1002,0.562,0.0,0,0.0,0.0,50,126441.22,SALARIED,TIER_3,0
CUST00000069,0,0.0142,0,0.0051,252.46,421.5,0,0.0,0,0.0,0.0,0.285,0.7807,0.0,1,0.1801,0.09,39,66799.03,SALARIED,TIER_1,1
CUST00000070,0,0.0231,0,0.1098,1863.9,573.3,0,0.0,0,0.0,0.0,0.6456,0.54,2.0,1,0.3817,3.6264,54,127467.55,SALARIED,TIER_2,0
CUST00000071,-1,0.0,0,0.1106,638.06,374.5,0,0.0,0,0.0,0.0,-0.087,0.3481,0.5,1,0.1734,0.3034,39,77959.09,SELF_EMPLOYED,TIER_1,0
CUST00000072,-1,0.0,0,0.1436,977.5,820.2,0,0.0,0,0.0,0.0,0.0588,0.3881,0.0,1,0.2973,0.6318,27,44324.34,SELF_EMPLOYED,TIER_3,0
CUST00000073,0,0.0102,0,-0.0047,101.07,210.4,0,0.0,0,1.6,4.0,0.1693,0.6185,1.5,0,0.0,0.0,29,68982.73,SALARIED,TIER_1,1
CUST00000074,2,0.0219,0,-0.0653,-76.0,97.6,1,7915.88,1,1.7,3.0,-0.5768,0.8108,0.5,1,0.168,0.21,36,66669.09,SALARIED,TIER_2,1
CUST00000075,0,0.0633,0,-0.1699,-562.27,17.7,4,62568.57,3,11.0,13.0,0.0,0.7256,0.0,0,0.0,0.0,44,111156.99,SALARIED,TIER_1,0
CUST00000076,0,0.0326,0,-0.0506,-449.2,241.3,0,0.0,0,0.0,0.0,0.1365,0.5106,0.5,1,0.2218,0.3188,35,57828.83,SALARIED,TIER_1,0
CUST00000077,0,0.0468,0,-0.2406,-636.87,61.5,0,0.0,0,9.3,14.0,-1.0,1.0,0.0,1,0.1884,0.2238,38,76092.4,SALARIED,TIER_2,1
CUST00000078,0,0.0247,0,0.1541,1310.27,652.8,0,0.0,0,0.0,0.0,1.0361,0.3685,0.0,0,0.0,0.0,43,81170.14,SALARIED,TIER_2,0
CUST00000079,0,0.0184,0,0.0531,889.69,1104.9,0,0.0,0,0.0,0.0,0.8604,0.3826,0.0,0,0.0,0.0,47,81407.3,SALARIED,TIER_1,0
CUST00000080,0,0.007,0,0.0131,118.58,940.5,0,0.0,0,0.0,0.0,-0.4541,0.5702,0.0,1,0.2822,3.0336,41,95339.99,SALARIED,TIER_3,0
CUST00000081,0,0.0133,0,-0.0489,-416.06,218.4,0,0.0,0,1.7,4.0,4.4522,0.7216,0.0,1,0.6065,0.6444,40,72886.86,SALARIED,TIER_2,1
CUST00000082,0,0.0185,0,0.0126,68.22,568.4,0,0.0,0,0.0,0.0,-0.0366,0.4368,0.5,1,0.5674,0.6029,30,58867.91,SALARIED,TIER_3,0
CUST00000083,0,0.0288,0,-0.1273,-288.89,15.0,2,28220.09,1,11.4,14.0,-0.3435,0.8819,0.5,1,0.2238,0.2238,31,79127.52,SALARIED,TIER_1,1
CUST00000084,-1,0.0,0,0.0114,14.76,586.5,0,0.0,0,1.8,4.0,0.0,0.6321,0.0,0,0.0,0.0,52,201735.16,BUSINESS,TIER_2,0
CUST00000085,-1,0.0,0,-0.018,-342.74,441.4,0,0.0,0,2.3,4.0,0.7122,0.608,0.0,1,0.4488,0.3927,37,103192.04,SELF_EMPLOYED,TIER_3,0
CUST00000086,-1,0.0,0,-0.0795,-907.53,347.6,0,0.0,0,0.0,0.0,0.5857,0.6037,1.5,0,0.0,0.0,30,113171.69,SELF_EMPLOYED,TIER_2,0
CUST00000087,-1,0.0,0,0.0032,8.37,612.5,0,0.0,0,0.0,0.0,0.2313,0.5998,0.0,1,0.2063,0.116,52,138963.42,SELF_EMPLOYED,TIER_2,0
CUST00000088,0,0.0081,0,0.025,70.91,122.3,1,11901.22,1,2.8,4.0,-0.0368,0.7824,0.0,1,0.1624,0.1015,29,57843.86,SALARIED,TIER_3,0
CUST00000089,-1,0.0,0,-0.0687,-313.67,222.2,0,0.0,0,0.0,0.0,4.152,0.4058,0.0,1,0.1909,0.1193,22,58340.38,SELF_EMPLOYED,TIER_3,0
CUST00000090,1,0.0158,0,-0.0873,-662.77,66.6,1,12511.5,1,1.6,4.0,1.9091,0.8175,2.0,0,0.0,0.0,42,73045.68,SALARIED,TIER_2,1
CUST00000091,0,0.0427,0,0.0499,570.1,667.0,0,0.0,0,0.0,0.0,-0.6293,0.6782,0.0,1,0.4012,0.326,46,97569.57,SALARIED,TIER_1,0
CUST00000092,2,0.0146,0,-0.1329,-259.19,18.2,2,28000.58,2,10.2,13.0,-0.3698,0.9112,1.5,1,0.2446,0.6116,40,92695.95,SALARIED,TIER_2,1
CUST00000093,0,0.0157,0,-0.0266,-152.06,114.9,1,20890.24,1,1.7,3.0,1.8102,0.4912,1.5,1,0.2501,0.4845,31,76103.52,SALARIED,TIER_2,0
CUST00000094,-1,0.0,0,-0.1546,-567.02,33.5,1,15620.23,1,8.4,13.0,-0.6671,0.9253,0.0,1,0.3611,3.5205,28,142533.01,SELF_EMPLOYED,TIER_2,1
CUST00000095,0,0.0421,0,-0.2148,-453.21,16.6,1,24242.28,1,10.1,14.0,-1.0,1.0,0.0,0,0.0,0.0,40,61981.07,SALARIED,TIER_3,1
CUST00000096,0,0.0141,0,0.1489,2311.7,858.1,0,0.0,0,0.0,0.0,-0.1033,0.628,0.5,1,0.6393,0.3196,30,73674.06,SALARIED,TIER_3,0
CUST00000097,-1,0.0,0,0.038,250.18,418.2,0,0.0,0,0.0,0.0,-0.1825,0.5872,0.0,1,0.3215,0.3215,23,25162.12,GIG_WORKER,TIER_1,0
CUST00000098,-1,0.0,0,-0.0005,-95.44,77.1,0,0.0,0,2.8,4.0,-0.467,0.8566,2.0,0,0.0,0.0,41,89743.97,SELF_EMPLOYED,TIER_1,1
CUST00000099,0,0.0264,0,0.0824,578.55,256.9,0,0.0,0,0.0,0.0,0.5805,0.4604,1.5,0,0.0,0.0,33,58027.78,SALARIED,TIER_3,0
CUST00000100,0,0.0109,0,0.0883,532.03,240.8,0,0.0,0,0.0,0.0,0.4368,0.3548,0.5,1,0.21,1.8773,27,38688.51,SALARIED,TIER_3,0
CUST00000101,-1,0.0,0,-0.1294,-345.85,19.8,2,39124.93,1,8.0,11.0,0.0,1.0,1.0,1,0.3845,2.2588,35,78432.57,SELF_EMPLOYED,TIER_2,1
CUST00000102,-1,0.0,0,-0.0155,-397.6,308.6,0,0.0,0,0.0,0.0,-0.5231,0.6755,0.5,1,0.2737,0.2224,39,89861.77,SELF_EMPLOYED,TIER_2,0
CUST00000103,0,0.0317,0,-0.047,-596.88,525.3,0,0.0,0,0.0,0.0,-0.0723,0.2389,0.5,1,0.1754,0.3617,58,91255.2,SALARIED,TIER_3,1
CUST00000104,0,0.0299,0,0.0082,-58.01,248.8,1,5968.47,1,2.1,3.0,-0.5607,0.7966,0.5,1,0.4608,3.2255,50,118407.43,SALARIED,TIER_2,1
CUST00000105,0,0.0028,0,-0.1621,-262.2,48.8,0,0.0,0,11.4,14.0,0.0,0.9293,0.0,1,0.3799,4.7249,25,42537.08,SALARIED,TIER_2,1
CUST00000106,-1,0.0,0,-0.3426,-1273.69,16.3,3,62016.68,2,10.9,14.0,0.1128,0.8781,0.0,0,0.0,0.0,26,134126.61,SELF_EMPLOYED,TIER_3,0
CUST00000107,-1,0.0,0,0.0946,3259.41,775.4,0,0.0,0,0.0,0.0,0.5172,0.4452,0.5,1,0.2413,0.4524,28,133294.09,SELF_EMPLOYED,TIER_1,0
CUST00000108,0,0.0112,0,-0.0545,-273.82,61.7,0,0.0,0,2.7,4.0,-0.0957,0.1891,3.0,1,0.2339,0.4386,23,36319.07,SALARIED,TIER_1,0
CUST00000109,-1,0.0,0,0.056,-17.4,130.9,1,16423.16,1,2.4,4.0,-0.4861,0.6864,0.0,1,0.1827,0.2512,29,64146.16,SELF_EMPLOYED,TIER_3,0
CUST00000110,0,0.0529,0,-0.1697,-248.21,11.6,2,25222.28,2,8.3,14.0,-0.8919,0.899,2.0,1,0.1736,1.4651,43,76081.71,SALARIED,TIER_2,1
CUST00000111,0,0.0126,0,0.0899,1113.2,430.4,0,0.0,0,0.0,0.0,-0.5703,0.5329,1.5,1,0.3364,2.9433,29,70089.63,SALARIED,TIER_2,0
CUST00000112,0,0.0227,0,0.004,-124.82,574.7,0,0.0,0,0.0,0.0,-0.0575,0.2825,2.0,1,0.2447,0.4436,44,109084.72,SALARIED,TIER_1,0
CUST00000113,1,0.0363,0,0.041,39.58,270.5,0,0.0,0,1.2,3.0,0.318,0.8188,0.0,1,0.3467,3.6184,37,80805.96,SALARIED,TIER_2,0
CUST00000114,0,0.024,0,-0.0166,-163.35,218.8,0,0.0,0,0.0,0.0,4.613,0.4133,0.5,1,0.2936,0.2752,31,48569.11,SALARIED,TIER_2,0
CUST00000115,0,0.0203,0,-0.0501,-383.7,59.5,1,23955.7,1,2.7,4.0,-0.0399,0.7987,0.5,1,0.6394,0.3197,38,96537.59,SALARIED,TIER_2,0
CUST00000116,0,0.0058,0,-0.0118,241.36,187.1,1,6698.4,1,2.0,4.0,0.8854,0.5172,0.0,0,0.0,0.0,33,56369.46,SALARIED,TIER_2,1
CUST00000117,1,0.0326,0,0.0442,-112.07,89.1,1,20772.02,1,2.4,4.0,-0.129,0.5461,1.0,0,0.0,0.0,32,73680.12,SALARIED,TIER_1,1
CUST00000118,0,0.0077,0,0.0714,630.25,344.9,0,0.0,0,0.0,0.0,0.6901,0.3876,0.0,0,0.0,0.0,40,60573.89,SALARIED,TIER_1,1
CUST00000119,0,0.0351,0,-0.0801,-614.4,311.5,0,0.0,0,0.0,0.0,0.0592,0.3792,0.0,1,0.2619,0.1473,26,62011.14,SALARIED,TIER_1,0
CUST00000120,-1,0.0,0,0.1239,3358.29,929.4,0,0.0,0,0.0,0.0,0.4724,0.608,0.0,1,0.4818,0.4517,30,110284.43,SELF_EMPLOYED,TIER_3,0
CUST00000121,0,0.0164,0,0.0011,174.43,534.5,0,0.0,0,0.0,0.0,1.0991,0.5696,0.0,1,0.4755,2.4072,39,102904.36,SALARIED,TIER_3,0
CUST00000122,-1,0.0,0,0.0833,1192.21,1219.4,0,0.0,0,0.0,0.0,1.2946,0.363,0.0,1,0.2248,2.0937,23,61185.89,SELF_EMPLOYED,TIER_1,0
CUST00000123,0,0.007,0,0.0718,1048.03,535.0,0,0.0,0,0.0,0.0,0.7317,0.5573,0.0,1,0.2779,0.5211,33,78673.73,SALARIED,TIER_1,0
CUST00000124,0,0.0556,0,-0.2334,-274.64,6.0,2,22504.23,2,8.8,14.0,0.0,0.8774,0.0,0,0.0,0.0,24,42242.45,SALARIED,TIER_2,1
CUST00000125,1,0.0089,0,0.0145,76.38,284.8,1,5268.57,1,1.9,3.0,1.6289,0.6259,0.5,1,0.6528,0.2856,45,114506.93,SALARIED,TIER_2,0
CUST00000126,-1,0.0,0,0.0323,461.76,216.0,1,10220.19,1,2.2,4.0,1.3315,0.7328,1.5,0,0.0,0.0,32,126635.24,BUSINESS,TIER_3,0
CUST00000127,0,0.0031,0,-0.0367,-565.99,508.0,0,0.0,0,0.0,0.0,-0.2732,0.6568,0.0,0,0.0,0.0,39,59629.08,SALARIED,TIER_1,0
CUST00000128,0,0.0236,0,0.1438,2254.59,395.3,0,0.0,0,0.0,0.0,0.1997,0.5354,1.5,1,0.3707,0.3939,27,45333.71,SALARIED,TIER_1,0
CUST00000129,0,0.0253,0,0.0631,269.89,93.4,1,22957.66,1,1.7,4.0,0.5991,0.7463,0.5,1,0.4184,3.5824,41,64758.76,SALARIED,TIER_3,0
CUST00000130,0,0.0023,0,-0.0441,-474.29,424.2,0,0.0,0,0.0,0.0,1.1483,0.7818,0.5,1,0.4145,0.6736,44,72436.98,SALARIED,TIER_3,1
CUST00000131,0,0.0227,0,-0.0595,-341.44,93.8,1,13308.9,1,2.4,4.0,0.5173,0.5517,0.0,0,0.0,0.0,45,67461.8,SALARIED,TIER_1,0
CUST00000132,-1,0.0,0,-0.023,-607.43,256.1,0,0.0,0,1.8,4.0,0.236,0.7452,0.5,1,0.1596,0.0798,44,227919.32,BUSINESS,TIER_3,0
CUST00000133,-1,0.0,0,-0.1539,-415.92,173.2,0,0.0,0,2.3,4.0,-0.7852,0.9588,0.0,1,0.3117,0.4675,25,56410.27,GIG_WORKER,TIER_2,0
CUST00000134,0,0.0317,0,0.0148,1182.18,558.0,0,0.0,0,0.0,0.0,-0.4925,0.655,0.5,0,0.0,0.0,48,123037.37,SALARIED,TIER_1,0
CUST00000135,1,0.0312,0,-0.109,-574.46,75.3,1,16548.43,1,2.7,4.0,0.2995,0.746,3.5,1,0.1759,0.2968,32,79866.2,SALARIED,TIER_2,0
CUST00000136,0,0.0052,0,-0.0413,48.87,199.2,0,0.0,0,0.0,0.0,-0.4579,0.3238,0.0,1,0.1783,0.1003,29,41979.89,SALARIED,TIER_1,0
CUST00000137,0,0.0305,0,0.1427,2100.68,584.9,0,0.0,0,0.0,0.0,0.0885,0.5027,0.5,1,0.4678,4.8825,42,105385.88,SALARIED,TIER_2,0
CUST00000138,0,0.0074,0,0.0303,-160.24,259.7,0,0.0,0,0.0,0.0,-0.2282,0.7467,0.0,0,0.0,0.0,31,51255.4,SALARIED,TIER_3,0
CUST00000139,-1,0.0,0,-0.3242,-440.5,6.8,3,36033.77,2,9.3,14.0,1.2291,0.8255,0.0,0,0.0,0.0,41,43217.2,SELF_EMPLOYED,TIER_3,1
CUST00000140,0,0.0327,0,-0.205,-236.51,19.4,1,18642.38,1,9.0,12.0,-0.2042,0.8493,0.0,1,0.3189,3.01,30,67811.9,SALARIED,TIER_1,1
CUST00000141,12,0.0188,0,-0.3036,-484.39,19.4,1,8923.18,1,7.6,13.0,0.0,0.9622,0.0,0,0.0,0.0,51,115673.77,SALARIED,TIER_2,0
CUST00000142,-1,0.0,0,0.1115,1864.31,1163.8,0,0.0,0,0.0,0.0,0.9561,0.6011,0.0,0,0.0,0.0,37,83136.63,SELF_EMPLOYED,TIER_1,0
CUST00000143,0,0.0852,0,-0.2293,-593.0,16.9,3,21719.3,2,9.9,14.0,0.0,0.9364,0.0,1,0.2473,0.6954,32,66413.56,SALARIED,TIER_1,1
CUST00000144,0,0.032,0,-0.0977,-675.32,149.9,1,17557.92,1,1.3,3.0,0.0933,0.7145,1.5,1,0.2924,0.2376,51,127880.49,SALARIED,TIER_1,0
CUST00000145,-1,0.0,0,-0.3066,-1010.69,18.2,1,24746.83,1,10.1,14.0,-1.0,1.0,1.0,1,0.4535,0.3118,43,97972.65,SELF_EMPLOYED,TIER_3,1
CUST00000146,0,0.0316,0,0.0764,497.87,447.9,0,0.0,0,0.0,0.0,1.0507,0.4433,0.5,0,0.0,0.0,37,71671.23,SALARIED,TIER_3,0
CUST00000147,0,0.0382,0,0.0253,-163.67,260.0,0,0.0,0,0.0,0.0,1.2809,0.6764,0.0,1,0.2179,0.177,26,35337.14,SALARIED,TIER_2,0
CUST00000148,0,0.0661,0,-0.2595,-147.94,6.1,3,18813.65,2,9.1,14.0,0.2846,0.6572,0.0,0,0.0,0.0,27,38871.68,SALARIED,TIER_1,1
CUST00000149,0,0.0082,0,0.0944,1117.56,373.8,0,0.0,0,0.0,0.0,-0.2836,0.6959,1.5,0,0.0,0.0,24,56339.15,SALARIED,TIER_2,0
CUST00000150,0,0.027,0,-0.0317,-149.82,391.4,0,0.0,0,0.0,0.0,1.7063,0.6753,0.5,1,0.1674,1.6112,52,86694.89,SALARIED,TIER_2,0
CUST00000151,0,0.0334,0,0.0124,1192.38,717.2,0,0.0,0,0.0,0.0,0.1475,0.4425,0.5,1,0.4584,0.7448,44,67206.31,SALARIED,TIER_1,0
CUST00000152,-1,0.0,0,-0.1567,-1486.01,139.5,0,0.0,0,1.6,4.0,8.1244,0.6262,0.0,1,0.2258,2.2864,38,232485.54,BUSINESS,TIER_2,0
CUST00000153,-1,0.0,0,-0.0854,-365.51,194.8,0,0.0,0,2.3,3.0,-0.8489,0.8717,0.0,1,0.4126,0.2321,44,101561.36,SELF_EMPLOYED,TIER_1,0
CUST00000154,-1,0.0,0,0.1304,703.69,636.8,0,0.0,0,0.0,0.0,0.698,0.3886,0.0,0,0.0,0.0,26,37523.05,GIG_WORKER,TIER_1,0
CUST00000155,0,0.013,0,-0.1191,-400.28,67.8,1,18746.76,1,2.9,4.0,-0.5679,0.805,0.0,0,0.0,0.0,32,48025.86,SALARIED,TIER_2,0
CUST00000156,0,0.0076,0,0.0398,891.81,1862.2,0,0.0,0,0.0,0.0,-0.8071,0.546,0.5,0,0.0,0.0,32,80005.27,SALARIED,TIER_3,1
CUST00000157,-1,0.0,0,-0.0147,-180.94,215.2,0,0.0,0,0.0,0.0,0.5692,0.5744,1.5,1,0.3228,0.6457,39,100235.16,SELF_EMPLOYED,TIER_3,0
CUST00000158,-1,0.0,0,0.0319,1169.37,517.7,0,0.0,0,0.0,0.0,0.2375,0.5329,0.5,1,0.183,0.4918,27,92720.68,SELF_EMPLOYED,TIER_2,0
CUST00000159,0,0.0184,0,0.0248,157.5,101.8,1,17285.66,1,2.1,4.0,-0.2569,0.8288,1.0,0,0.0,0.0,39,79262.85,SALARIED,TIER_2,0
CUST00000160,2,0.0366,0,-0.1012,-290.57,63.3,1,10490.79,1,3.1,4.0,5.1515,0.5538,1.5,0,0.0,0.0,30,55196.43,SALARIED,TIER_1,0
CUST00000161,-1,0.0,0,-0.056,-556.32,275.7,0,0.0,0,1.3,4.0,1.6031,0.7202,0.0,1,0.2774,1.63,24,121697.72,SELF_EMPLOYED,TIER_2,0
CUST00000162,0,0.036,0,-0.0037,-135.6,675.8,0,0.0,0,0.0,0.0,-0.2493,0.3655,0.0,0,0.0,0.0,25,49677.28,SALARIED,TIER_1,0
CUST00000163,-1,0.0,0,0.0612,1496.55,716.8,0,0.0,0,0.0,0.0,0.2787,0.4596,0.0,0,0.0,0.0,54,100025.82,BUSINESS,TIER_2,0
CUST00000164,0,0.0174,0,0.1698,1134.57,671.8,0,0.0,0,0.0,0.0,-0.1436,0.6122,0.0,0,0.0,0.0,30,49280.3,SALARIED,TIER_3,0
CUST00000165,0,0.0269,0,0.041,62.73,135.8,1,5402.43,1,2.2,4.0,-0.2488,0.797,2.0,1,0.4807,2.764,42,87027.91,SALARIED,TIER_1,1
CUST00000166,-1,0.0,0,-0.0891,-928.33,340.2,0,0.0,0,0.0,0.0,-0.3417,0.8118,0.0,1,0.3533,0.3312,45,61715.78,BUSINESS,TIER_2,1
CUST00000167,0,0.0226,0,0.058,57.7,254.2,0,0.0,0,0.0,0.0,-0.5949,0.627,1.5,1,0.4857,3.0055,43,70749.95,SALARIED,TIER_2,0
CUST00000168,-1,0.0,0,-0.0185,680.39,507.1,0,0.0,0,0.0,0.0,0.1252,0.4629,0.5,1,0.3751,0.891,40,107980.28,BUSINESS,TIER_1,0
CUST00000169,-1,0.0,0,-0.066,-547.5,302.9,0,0.0,0,0.0,0.0,-0.7021,0.7298,0.5,1,0.4208,0.2367,26,53198.46,GIG_WORKER,TIER_2,0
CUST00000170,1,0.0075,0,-0.3302,-982.36,12.5,2,38876.95,2,8.4,14.0,-0.3271,0.8955,0.5,1,0.7326,0.641,46,120816.79,SALARIED,TIER_1,1
CUST00000171,0,0.0003,0,0.0342,135.25,73.3,1,19364.18,1,2.2,4.0,-0.7148,0.8743,2.5,1,0.1593,0.2687,33,51518.89,SALARIED,TIER_3,1
CUST00000172,0,0.0583,0,-0.3405,-309.62,7.5,1,9183.95,1,9.1,14.0,0.2821,0.8391,1.0,1,0.2246,0.7439,38,77781.45,SALARIED,TIER_2,0
CUST00000173,-1,0.0,0,-0.0399,-253.27,225.5,0,0.0,0,1.4,4.0,-0.1863,0.6182,0.0,1,0.6733,0.5891,44,57178.02,SELF_EMPLOYED,TIER_1,1
CUST00000174,-1,0.0,0,0.0177,537.08,399.4,1,5119.03,1,2.3,4.0,-0.4344,0.6384,0.0,0,0.0,0.0,40,135106.97,SELF_EMPLOYED,TIER_3,0
CUST00000175,0,0.0629,0,-0.1814,-288.92,9.3,2,29711.81,2,7.1,9.0,0.3297,0.8439,3.0,1,0.2445,2.5217,31,57012.37,SALARIED,TIER_2,1
CUST00000176,-1,0.0,0,-0.27,-1116.85,14.6,4,66622.06,2,8.1,10.0,0.5176,0.9382,0.0,1,0.4195,0.3146,42,149267.06,SELF_EMPLOYED,TIER_3,1
CUST00000177,0,0.041,0,0.1411,1297.43,873.7,0,0.0,0,0.0,0.0,0.094,0.3454,0.0,1,0.2109,0.3428,27,57029.19,SALARIED,TIER_3,0
CUST00000178,0,0.0203,0,0.06,792.69,506.9,0,0.0,0,0.0,0.0,-0.8033,0.8511,0.5,1,0.2875,0.1258,34,74006.78,SALARIED,TIER_1,0
CUST00000179,0,0.0363,0,0.1101,1111.28,333.8,0,0.0,0,0.0,0.0,-0.1294,0.3006,2.0,1,0.3601,0.27,28,45415.2,SALARIED,TIER_1,0
CUST00000180,-1,0.0,0,-0.1428,-822.96,78.4,1,24118.83,1,0.8,2.0,1.0146,0.7143,1.5,1,0.3573,3.595,37,95048.98,SELF_EMPLOYED,TIER_2,0
CUST00000181,1,0.0184,0,-0.0421,-415.23,176.2,0,0.0,0,1.9,3.0,-0.0655,0.6195,1.5,1,0.1704,0.2556,47,104170.35,SALARIED,TIER_3,0
CUST00000182,-1,0.0,0,0.1602,576.4,465.3,0,0.0,0,0.0,0.0,1.4046,0.4061,0.0,1,0.1685,0.1369,24,27494.81,GIG_WORKER,TIER_3,0
CUST00000183,0,0.0377,0,-0.047,-389.28,334.6,0,0.0,0,0.0,0.0,2.5234,0.3693,0.5,0,0.0,0.0,41,72957.01,SALARIED,TIER_1,1
CUST00000184,0,0.0477,0,-0.0525,56.57,102.7,0,0.0,0,1.8,4.0,-0.1943,0.8545,0.0,1,0.3678,3.9995,30,55563.7,SALARIED,TIER_1,1
CUST00000185,0,0.0737,0,-0.2237,-255.62,8.1,2,36215.56,2,7.3,12.0,-0.5319,0.6949,1.0,1,0.3214,0.3816,25,55570.79,SALARIED,TIER_1,1
CUST00000186,0,0.0197,0,0.0387,206.81,362.5,0,0.0,0,0.0,0.0,0.9457,0.6022,0.0,1,0.3093,1.7013,36,78535.15,SALARIED,TIER_2,0
CUST00000187,-1,0.0,0,-0.0236,185.84,664.3,0,0.0,0,0.0,0.0,0.6471,0.3177,0.0,1,0.2199,0.3712,23,56500.81,GIG_WORKER,TIER_1,0
CUST00000188,-1,0.0,0,-0.0072,159.1,154.5,0,0.0,0,2.2,4.0,0.3766,0.6966,0.5,0,0.0,0.0,25,129048.3,SELF_EMPLOYED,TIER_3,0
CUST00000189,-1,0.0,0,0.0768,939.61,866.4,0,0.0,0,0.0,0.0,0.1058,0.3141,0.0,1,0.366,0.6406,36,63841.38,SELF_EMPLOYED,TIER_1,0
CUST00000190,0,0.0209,0,0.1237,1174.37,944.9,0,0.0,0,0.0,0.0,-0.5213,0.6983,0.0,0,0.0,0.0,33,69319.61,SALARIED,TIER_2,0
CUST00000191,0,0.0,0,0.1052,2129.41,607.2,0,0.0,0,0.0,0.0,0.891,0.4219,0.5,0,0.0,0.0,41,95422.81,SALARIED,TIER_1,0
CUST00000192,-1,0.0,0,-0.0067,1.62,433.2,0,0.0,0,0.0,0.0,0.2048,0.4531,0.0,1,0.2173,0.2581,52,69138.5,SELF_EMPLOYED,TIER_2,0
CUST00000193,0,0.0338,0,0.0747,650.03,713.3,0,0.0,0,0.0,0.0,-0.7142,0.6902,0.0,1,0.3431,0.1716,49,103537.42,SALARIED,TIER_1,0
CUST00000194,0,0.0057,0,0.0559,667.76,863.3,0,0.0,0,0.0,0.0,-0.2141,0.426,0.0,0,0.0,0.0,39,66349.05,SALARIED,TIER_2,0
CUST00000195,1,0.0156,0,-0.0318,-20.92,93.0,1,24813.68,1,2.6,4.0,-0.1974,0.7904,3.0,0,0.0,0.0,34,70422.86,SALARIED,TIER_3,1
CUST00000196,0,0.0383,0,0.0353,1166.28,387.6,0,0.0,0,0.0,0.0,-0.474,0.6992,0.0,1,0.2848,0.7476,43,105895.37,SALARIED,TIER_1,0
CUST00000197,-1,0.0,0,-0.1413,-181.95,12.5,2,32208.16,1,8.3,14.0,2.7744,0.8295,0.0,1,0.52,0.325,54,63805.01,BUSINESS,TIER_2,0
CUST00000198,-1,0.0,0,-0.0168,449.92,587.5,0,0.0,0,0.0,0.0,-0.1326,0.6105,0.0,0,0.0,0.0,36,135115.48,SELF_EMPLOYED,TIER_2,0
CUST00000199,0,0.0279,0,0.0128,1400.16,566.3,0,0.0,0,0.0,0.0,0.3764,0.3756,1.5,1,0.6564,0.4923,45,117925.51,SALARIED,TIER_2,0
CUST00000200,0,0.0145,0,0.1113,1276.49,1237.4,0,0.0,0,0.0,0.0,-0.28,0.2851,0.0,1,0.1821,0.2845,29,66169.27,SALARIED,TIER_2,0
CUST00000201,-1,0.0,0,-0.1598,-461.46,20.2,2,12058.55,2,8.8,13.0,-0.3393,0.8781,0.5,0,0.0,0.0,35,135486.24,SELF_EMPLOYED,TIER_3,0
CUST00000202,0,0.0244,0,0.0441,752.3,1656.8,0,0.0,0,0.0,0.0,0.3903,0.3005,0.0,0,0.0,0.0,38,97345.07,SALARIED,TIER_2,0
CUST00000203,-1,0.0,0,0.165,1478.09,1001.4,0,0.0,0,0.0,0.0,-0.2636,0.309,0.0,0,0.0,0.0,32,59232.25,SELF_EMPLOYED,TIER_2,0
CUST00000204,0,0.075,0,-0.1531,-460.07,24.8,2,45731.49,2,8.4,14.0,0.0,0.9308,0.0,1,0.4202,4.0972,46,79911.23,SALARIED,TIER_1,1
CUST00000205,0,0.0075,0,-0.0459,-328.9,505.2,0,0.0,0,0.0,0.0,0.1297,0.6567,0.0,0,0.0,0.0,50,79530.84,SALARIED,TIER_2,0
CUST00000206,0,0.0361,0,0.0525,850.69,1111.6,0,0.0,0,0.0,0.0,-0.4177,0.5559,0.0,1,0.5001,0.4064,43,71937.07,SALARIED,TIER_1,0
CUST00000207,0,0.0183,0,-0.1287,-311.59,66.1,1,7183.68,1,2.3,4.0,-0.0062,0.7041,0.0,0,0.0,0.0,39,61062.89,SALARIED,TIER_1,0
CUST00000208,0,0.0153,0,0.0446,202.1,695.8,0,0.0,0,0.0,0.0,-0.6213,0.6863,0.0,0,0.0,0.0,46,79916.71,SALARIED,TIER_1,0
CUST00000209,-1,0.0,0,0.0456,39.11,614.0,0,0.0,0,2.4,4.0,-0.7764,0.816,0.0,1,0.2007,0.2508,30,89476.31,SELF_EMPLOYED,TIER_1,1
CUST00000210,0,0.0078,0,0.0016,56.75,196.0,0,0.0,0,3.4,4.0,-0.3609,0.7536,0.5,1,0.2493,0.2337,46,90578.55,SALARIED,TIER_2,1
CUST00000211,0,0.01,0,0.0043,149.77,218.2,0,0.0,0,0.0,0.0,-0.3274,0.495,0.0,1,0.3929,0.4175,32,56454.77,SALARIED,TIER_3,0
CUST00000212,0,0.0064,0,-0.0112,-224.25,348.9,0,0.0,0,0.0,0.0,0.0971,0.5735,0.0,1,0.2091,0.2745,33,79289.85,SALARIED,TIER_1,0
CUST00000213,-1,0.0,0,0.11,1450.27,413.0,0,0.0,0,0.0,0.0,0.0784,0.5053,0.5,1,0.2736,0.4275,49,134554.81,BUSINESS,TIER_3,0
CUST00000214,-1,0.0,0,0.1154,356.52,100.3,0,0.0,0,2.0,4.0,0.3708,0.8489,5.0,0,0.0,0.0,50,44226.9,SELF_EMPLOYED,TIER_3,0
CUST00000215,1,0.015,0,-0.0449,-240.66,539.7,0,0.0,0,2.2,4.0,-0.159,0.4821,0.0,1,0.1757,1.6801,30,72551.26,SALARIED,TIER_2,0
CUST00000216,0,0.0123,0,-0.0344,-395.49,384.4,0,0.0,0,0.0,0.0,0.0631,0.5663,0.5,0,0.0,0.0,43,66170.29,SALARIED,TIER_2,0
CUST00000217,0,0.0243,0,0.1125,802.57,752.2,0,0.0,0,0.0,0.0,0.5029,0.0,0.0,1,0.2494,0.7481,35,68525.13,SALARIED,TIER_3,0
CUST00000218,0,0.0318,0,-0.0263,-113.18,491.7,0,0.0,0,2.7,4.0,0.7303,0.6921,0.0,1,0.275,0.8422,35,76994.93,SALARIED,TIER_3,0
CUST00000219,0,0.0007,0,0.0718,873.95,658.3,0,0.0,0,0.0,0.0,1.4739,0.5399,0.0,1,0.2158,0.5261,34,72600.04,SALARIED,TIER_3,0
CUST00000220,0,0.0547,0,-0.2848,-539.02,13.6,1,21569.87,1,9.4,14.0,0.0,0.7106,0.0,1,0.3538,3.6711,33,64526.01,SALARIED,TIER_1,1
CUST00000221,0,0.0304,0,0.0289,504.15,739.4,0,0.0,0,0.0,0.0,-0.8188,0.7732,0.0,1,0.3572,0.5804,43,79832.62,SALARIED,TIER_3,0
CUST00000222,-1,0.0,0,0.0538,576.03,524.0,0,0.0,0,0.0,0.0,-0.4906,0.6546,0.5,1,0.1688,0.3903,42,105731.62,BUSINESS,TIER_1,0
CUST00000223,-1,0.0,0,-0.1943,-558.35,24.7,2,29265.94,2,9.5,13.0,-0.3495,0.9132,0.0,1,0.2138,0.521,34,133116.58,SELF_EMPLOYED,TIER_3,1
CUST00000224,0,0.0093,0,0.0227,43.94,226.7,0,0.0,0,1.9,4.0,-0.3318,0.8554,0.0,1,0.283,1.2913,26,39835.9,SALARIED,TIER_1,1
CUST00000225,1,0.0551,0,-0.2462,-331.13,91.2,0,0.0,0,8.9,14.0,-0.4813,0.8736,0.0,0,0.0,0.0,27,57586.89,SALARIED,TIER_1,0
CUST00000226,0,0.0336,0,0.1236,2572.61,1047.6,0,0.0,0,0.0,0.0,0.2084,0.2525,0.0,0,0.0,0.0,46,100699.2,SALARIED,TIER_2,0
CUST00000227,-1,0.0,0,-0.2943,-232.95,3.3,3,37335.3,3,10.3,14.0,-1.0,1.0,1.5,0,0.0,0.0,44,57607.88,SELF_EMPLOYED,TIER_2,1
CUST00000228,-1,0.0,0,-0.1713,-596.45,18.0,2,26067.85,2,8.3,14.0,-1.0,1.0,0.0,1,0.4022,0.2765,38,112331.63,SELF_EMPLOYED,TIER_1,0
CUST00000229,-1,0.0,0,0.0447,372.14,243.7,0,0.0,0,1.9,4.0,0.3434,0.6199,1.0,1,0.2002,1.7269,34,100964.92,SELF_EMPLOYED,TIER_1,1
CUST00000230,-1,0.0,0,-0.0216,-114.94,209.9,0,0.0,0,1.3,4.0,1.4139,0.6589,0.5,1,0.2592,0.162,37,114621.67,SELF_EMPLOYED,TIER_3,1
CUST00000231,0,0.0001,0,0.1488,2923.63,1441.5,0,0.0,0,0.0,0.0,-0.3884,0.5834,0.0,1,0.5463,2.4925,48,94728.67,SALARIED,TIER_2,0
CUST00000232,0,0.0076,0,0.0005,585.47,412.1,0,0.0,0,0.0,0.0,0.3396,0.5791,0.5,1,0.5914,0.4435,41,95365.98,SALARIED,TIER_1,0
CUST00000233,-1,0.0,0,-0.0289,318.2,781.7,0,0.0,0,0.0,0.0,-0.6985,0.8328,0.0,0,0.0,0.0,38,69680.28,SELF_EMPLOYED,TIER_3,0
CUST00000234,-1,0.0,0,0.1094,1551.66,721.5,0,0.0,0,0.0,0.0,0.27,0.6031,0.5,1,0.3713,0.5337,28,99869.98,BUSINESS,TIER_3,0
CUST00000235,0,0.0314,0,-0.0267,-190.72,203.6,0,0.0,0,0.0,0.0,1.0387,0.4063,0.5,0,0.0,0.0,29,46766.99,SALARIED,TIER_2,1
CUST00000236,0,0.0252,0,0.0518,533.84,431.8,0,0.0,0,0.0,0.0,-0.1641,0.4944,1.5,0,0.0,0.0,37,74575.57,SALARIED,TIER_1,0
CUST00000237,-1,0.0,0,-0.2297,-631.55,19.2,2,31583.71,2,10.3,14.0,0.0,0.9399,3.0,0,0.0,0.0,47,104439.12,SELF_EMPLOYED,TIER_2,1
CUST00000238,7,0.0929,0,-0.1715,-509.72,62.6,1,14867.64,1,9.6,11.0,0.7904,0.8588,0.0,0,0.0,0.0,32,74901.77,SALARIED,TIER_2,0
CUST00000239,-1,0.0,0,0.0089,618.57,830.7,0,0.0,0,0.0,0.0,1.5584,0.5985,0.0,1,0.4365,0.5456,38,208240.48,BUSINESS,TIER_1,0
CUST00000240,0,0.0512,0,-0.1933,-623.34,56.6,1,12768.01,1,10.1,14.0,0.0,0.7969,0.0,1,0.4565,0.3995,44,116100.79,SALARIED,TIER_1,1
CUST00000241,0,0.0199,0,-0.3199,-492.85,13.2,1,6664.27,1,11.1,14.0,0.2605,0.8234,0.0,1,0.3717,3.9957,34,64913.03,SALARIED,TIER_3,1
CUST00000242,0,0.0051,0,0.0723,710.01,472.8,0,0.0,0,0.0,0.0,-0.4138,0.7793,0.0,0,0.0,0.0,28,62994.12,SALARIED,TIER_1,0
CUST00000243,0,0.0325,0,-0.0847,-951.17,460.1,0,0.0,0,0.0,0.0,0.1879,0.2775,0.5,1,0.4564,0.3423,53,133812.26,SALARIED,TIER_3,0
CUST00000244,0,0.03,0,-0.0432,-135.2,671.7,0,0.0,0,0.0,0.0,-0.5786,0.7824,0.0,0,0.0,0.0,42,109719.39,SALARIED,TIER_3,0
CUST00000245,-1,0.0,0,-0.0887,-751.41,311.7,0,0.0,0,0.0,0.0,-0.2873,0.37,3.0,0,0.0,0.0,43,101734.51,SELF_EMPLOYED,TIER_2,0
CUST00000246,0,0.0007,0,0.1159,1726.13,806.7,0,0.0,0,0.0,0.0,2.187,0.5407,0.5,1,0.3227,0.5042,29,60222.48,SALARIED,TIER_1,0
CUST00000247,0,0.0044,0,0.0068,182.63,600.7,0,0.0,0,0.0,0.0,-0.1031,0.732,0.0,0,0.0,0.0,23,46460.21,SALARIED,TIER_2,0
CUST00000248,1,0.0281,0,0.0485,288.28,265.6,1,8072.82,1,1.9,4.0,1.8841,0.6602,0.0,1,0.2708,0.6263,46,81425.87,SALARIED,TIER_1,1
CUST00000249,-1,0.0,0,-0.035,-284.74,444.1,0,0.0,0,1.8,4.0,-0.7478,0.8787,0.0,1,0.3478,4.2392,45,225409.9,BUSINESS,TIER_1,0
CUST00000250,0,0.0058,0,-0.1394,-174.35,13.0,1,8716.92,1,9.9,14.0,0.0422,0.84,0.0,0,0.0,0.0,35,63474.42,SALARIED,TIER_1,0
CUST00000251,0,0.0185,0,0.0346,1388.56,746.0,0,0.0,0,0.0,0.0,-0.6414,0.7651,2.0,1,0.3509,0.1535,44,106091.34,SALARIED,TIER_3,0
CUST00000252,0,0.0128,0,-0.1541,-533.95,105.6,1,6213.91,1,2.2,4.0,0.8511,0.9031,0.0,1,0.268,0.5359,28,63851.38,SALARIED,TIER_1,0
CUST00000253,0,0.0009,0,0.0846,1362.9,704.1,0,0.0,0,0.0,0.0,0.1186,0.5559,0.0,1,0.2301,1.9558,30,71401.3,SALARIED,TIER_3,0
CUST00000254,1,0.0233,0,-0.0237,-160.04,47.7,1,23684.77,1,2.3,4.0,3.0777,0.7115,0.0,1,0.6683,0.543,24,51200.94,SALARIED,TIER_3,0
CUST00000255,-1,0.0,0,-0.0363,-47.15,281.3,0,0.0,0,2.0,4.0,0.1298,0.6375,1.0,1,0.2819,0.4758,42,95572.75,SELF_EMPLOYED,TIER_3,0
CUST00000256,-1,0.0,0,0.0494,660.76,546.1,0,0.0,0,0.0,0.0,-0.0959,0.6225,0.5,0,0.0,0.0,32,87023.87,SELF_EMPLOYED,TIER_1,0
CUST00000257,-1,0.0,0,-0.0187,-221.17,291.8,0,0.0,0,2.3,4.0,3.672,0.7073,1.0,0,0.0,0.0,48,123999.7,BUSINESS,TIER_1,0
CUST00000258,-1,0.0,0,0.0784,1600.65,865.7,0,0.0,0,0.0,0.0,-0.089,0.4535,0.0,1,0.4279,4.3864,46,90519.17,SELF_EMPLOYED,TIER_1,0
CUST00000259,0,0.0119,0,0.0741,985.13,526.9,0,0.0,0,0.0,0.0,-0.5431,0.5255,1.5,0,0.0,0.0,43,66298.97,SALARIED,TIER_2,0
CUST00000260,-1,0.0,0,0.059,1676.26,446.7,0,0.0,0,0.0,0.0,0.6009,0.3476,1.5,1,0.2395,0.1198,47,108302.14,SELF_EMPLOYED,TIER_1,0
CUST00000261,-1,0.0,0,-0.0327,-166.75,132.7,1,17627.44,1,2.0,4.0,0.3238,0.7507,0.0,0,0.0,0.0,25,51697.81,SELF_EMPLOYED,TIER_1,1
CUST00000262,0,0.0266,0,0.0064,-134.03,344.4,0,0.0,0,0.0,0.0,0.287,0.3745,0.0,0,0.0,0.0,38,57214.96,SALARIED,TIER_1,0
CUST00000263,0,0.0184,0,0.0727,483.37,340.2,0,0.0,0,0.0,0.0,0.225,0.4007,0.5,0,0.0,0.0,34,74175.62,SALARIED,TIER_3,0
CUST00000264,0,0.0145,0,0.0036,110.91,303.4,0,0.0,0,2.7,4.0,-0.4491,0.5735,0.0,1,0.5893,0.4788,30,46836.19,SALARIED,TIER_1,0
CUST00000265,-1,0.0,0,-0.2436,-381.52,27.3,0,0.0,0,8.1,12.0,3.2168,0.857,0.5,0,0.0,0.0,40,81036.91,BUSINESS,TIER_2,1
CUST00000266,-1,0.0,0,-0.0264,-136.42,389.8,0,0.0,0,3.0,4.0,-0.8646,0.9405,0.0,1,0.329,4.5035,41,116924.69,SELF_EMPLOYED,TIER_3,0
CUST00000267,0,0.0405,0,-0.0597,-506.52,68.7,1,21661.87,1,1.9,4.0,-0.4266,0.797,1.0,0,0.0,0.0,36,88888.44,SALARIED,TIER_1,0
CUST00000268,0,0.0135,0,0.0895,765.89,404.6,0,0.0,0,0.0,0.0,1.2612,0.2774,0.0,1,0.2144,1.0051,44,78895.71,SALARIED,TIER_3,0
CUST00000269,-1,0.0,0,-0.0255,-1189.16,967.2,0,0.0,0,0.0,0.0,-0.0897,0.6672,0.0,1,0.3792,0.1896,30,221930.14,BUSINESS,TIER_2,0
CUST00000270,0,0.0052,0,-0.0054,-101.38,253.9,0,0.0,0,0.0,0.0,-0.1877,0.6337,0.5,0,0.0,0.0,26,42460.08,SALARIED,TIER_3,0
CUST00000271,-1,0.0,0,-0.0078,-123.85,383.2,0,0.0,0,0.0,0.0,0.5435,0.6121,0.5,0,0.0,0.0,43,187148.05,BUSINESS,TIER_3,0
CUST00000272,0,0.0096,0,-0.0296,-295.11,780.9,0,0.0,0,0.0,0.0,0.0176,0.277,0.0,0,0.0,0.0,41,65427.46,SALARIED,TIER_1,0
CUST00000273,-1,0.0,0,0.0334,301.07,445.1,0,0.0,0,0.0,0.0,-0.3822,0.6378,0.5,1,0.2756,0.2411,31,66117.68,SELF_EMPLOYED,TIER_2,0
CUST00000274,-1,0.0,0,-0.0696,-674.28,129.8,1,21194.64,1,2.3,4.0,0.6744,0.7038,0.0,1,0.2091,0.4966,49,111102.2,BUSINESS,TIER_2,0
CUST00000275,0,0.0354,0,-0.1204,-462.83,305.6,0,0.0,0,2.3,3.0,-0.7797,0.8947,0.0,1,0.3761,3.9258,32,54657.35,SALARIED,TIER_3,0
CUST00000276,0,0.0314,0,-0.0783,-243.34,71.0,1,13535.48,1,2.7,4.0,-0.2254,0.7285,0.0,1,0.4122,0.3091,24,47330.68,SALARIED,TIER_2,0
CUST00000277,0,0.0216,0,0.0943,1625.19,613.2,0,0.0,0,0.0,0.0,3.2539,0.368,0.0,0,0.0,0.0,50,105456.93,SALARIED,TIER_1,0
CUST00000278,0,0.0067,0,-0.2561,-482.33,12.9,1,21348.47,1,8.8,13.0,-0.071,0.8461,0.0,0,0.0,0.0,34,83538.33,SALARIED,TIER_2,0
CUST00000279,1,0.0003,0,-0.3095,-352.0,12.1,0,0.0,0,9.3,14.0,-0.0263,0.8744,1.0,1,0.2771,2.7194,42,80468.3,SALARIED,TIER_2,0
CUST00000280,-1,0.0,0,-0.3275,-1452.94,19.1,3,40130.62,3,10.6,14.0,0.0165,0.9275,0.0,1,0.3002,0.4316,42,216027.67,BUSINESS,TIER_1,0
CUST00000281,-1,0.0,0,0.0102,370.57,451.9,0,0.0,0,0.0,0.0,-0.5878,0.7105,0.0,0,0.0,0.0,38,68236.37,SELF_EMPLOYED,TIER_2,0
CUST00000282,-1,0.0,0,0.0153,282.07,547.5,0,0.0,0,0.0,0.0,3.0566,0.49,0.0,0,0.0,0.0,45,47810.84,SELF_EMPLOYED,TIER_1,0
CUST00000283,0,0.0113,0,0.0476,188.92,923.1,0,0.0,0,0.0,0.0,0.3653,0.45,0.0,0,0.0,0.0,29,39547.5,SALARIED,TIER_2,0
CUST00000284,-1,0.0,0,-0.0869,-556.65,177.7,0,0.0,0,2.1,4.0,-0.1646,0.6572,0.0,1,0.4308,0.5116,45,98299.07,SELF_EMPLOYED,TIER_3,0
CUST00000285,1,0.0312,0,-0.003,211.01,233.5,0,0.0,0,2.2,4.0,-0.3465,0.9472,1.0,1,0.3295,0.2677,46,68941.24,SALARIED,TIER_1,0
CUST00000286,0,0.0225,0,-0.2511,-365.96,40.5,0,0.0,0,8.1,14.0,0.0,0.8327,0.0,0,0.0,0.0,27,62833.0,SALARIED,TIER_2,1
CUST00000287,-1,0.0,0,-0.0463,-275.64,313.4,0,0.0,0,1.2,4.0,-0.1651,0.6483,0.0,1,0.1465,0.2839,31,130466.46,SELF_EMPLOYED,TIER_3,0
CUST00000288,0,0.0256,0,0.0828,863.79,377.0,0,0.0,0,0.0,0.0,0.5988,0.4475,0.0,1,0.3284,3.1608,28,60813.77,SALARIED,TIER_2,1
CUST00000289,0,0.0132,0,-0.0287,427.06,692.6,0,0.0,0,0.0,0.0,3.9557,0.3715,0.0,1,0.1816,1.9745,28,42681.73,SALARIED,TIER_1,0
CUST00000290,-1,0.0,0,0.1304,2821.61,682.2,0,0.0,0,0.0,0.0,0.3341,0.5628,1.5,0,0.0,0.0,33,98419.39,SELF_EMPLOYED,TIER_3,0
CUST00000291,3,0.1409,0,-0.1167,-181.11,24.7,0,0.0,0,7.5,10.0,-0.3834,0.913,0.0,1,0.2129,2.6074,44,74750.18,SALARIED,TIER_3,0
CUST00000292,2,0.0326,0,0.0501,348.19,417.9,0,0.0,0,1.9,4.0,1.0467,0.6053,0.0,1,0.4137,0.5689,51,136630.32,SALARIED,TIER_1,1
CUST00000293,0,0.0066,0,0.1549,2003.66,588.1,0,0.0,0,0.0,0.0,-0.0148,0.0805,0.0,1,0.3216,0.2814,44,71724.22,SALARIED,TIER_2,0
CUST00000294,-1,0.0,0,0.1039,711.86,267.3,0,0.0,0,0.0,0.0,2.3267,0.5122,0.0,1,0.3364,0.2733,25,49815.48,GIG_WORKER,TIER_1,0
CUST00000295,0,0.014,0,-0.073,-783.29,190.7,1,15220.9,1,2.0,4.0,-0.0119,0.7639,0.0,0,0.0,0.0,47,94420.6,SALARIED,TIER_2,1
CUST00000296,1,0.007,0,-0.0246,-159.46,384.4,0,0.0,0,1.8,4.0,-0.5842,0.8328,0.0,1,0.256,0.384,37,88059.72,SALARIED,TIER_2,1
CUST00000297,0,0.012,0,-0.1463,-714.87,174.6,1,6526.98,1,1.8,4.0,0.9501,0.6522,0.0,1,0.1616,0.2323,39,83842.6,SALARIED,TIER_2,0
CUST00000298,0,0.0098,0,-0.0416,-417.15,138.4,1,20659.04,1,1.7,4.0,-0.2529,0.7558,0.5,1,0.4348,0.2989,43,108875.18,SALARIED,TIER_3,1
CUST00000299,0,0.0019,0,-0.0292,-473.64,388.9,0,0.0,0,0.0,0.0,0.0223,0.4666,0.0,1,0.3802,0.5941,44,79925.35,SALARIED,TIER_2,0
CUST00000300,0,0.0176,0,-0.0007,-221.23,193.7,0,0.0,0,0.0,0.0,0.9862,0.6088,0.0,0,0.0,0.0,40,85490.77,SALARIED,TIER_3,0
CUST00000301,-1,0.0,0,-0.0341,-404.4,613.7,0,0.0,0,2.1,4.0,1.3697,0.629,0.0,1,0.2912,0.1456,42,98090.16,BUSINESS,TIER_1,0
CUST00000302,0,0.0011,0,-0.0054,-597.16,275.3,0,0.0,0,0.0,0.0,-0.0322,0.7587,0.5,0,0.0,0.0,49,87151.76,SALARIED,TIER_1,0
CUST00000303,0,0.0098,0,-0.239,-807.12,24.7,2,28242.72,2,9.9,14.0,0.4985,0.8862,0.5,0,0.0,0.0,38,94499.07,SALARIED,TIER_2,1
CUST00000304,0,0.0103,0,-0.0279,99.5,666.0,0,0.0,0,2.6,4.0,-0.7057,0.8544,0.0,1,0.1793,0.4707,45,109785.44,SALARIED,TIER_3,1
CUST00000305,-1,0.0,0,-0.3337,-1361.4,26.9,0,0.0,0,8.6,11.0,-0.649,0.9094,3.5,1,0.4168,0.4429,46,131755.91,SELF_EMPLOYED,TIER_2,1
CUST00000306,0,0.0099,0,0.064,243.36,496.6,0,0.0,0,0.0,0.0,0.0414,0.4202,0.0,1,0.4161,0.3641,41,78794.02,SALARIED,TIER_2,0
CUST00000307,0,0.0009,0,0.0998,1764.38,422.2,0,0.0,0,0.0,0.0,-0.0338,0.6248,0.5,0,0.0,0.0,41,99700.82,SALARIED,TIER_3,0
CUST00000308,0,0.031,0,-0.2993,-610.52,9.9,1,17017.01,1,8.4,12.0,0.288,0.9112,4.5,1,0.4653,0.2908,39,78299.95,SALARIED,TIER_1,0
CUST00000309,-1,0.0,0,-0.0349,-11.66,99.3,2,45153.79,2,1.1,4.0,-0.5807,0.7475,0.0,1,0.3536,2.4311,45,142215.09,SELF_EMPLOYED,TIER_2,0
CUST00000310,0,0.027,0,-0.0693,-285.36,125.2,0,0.0,0,1.3,3.0,-0.5063,0.9355,0.5,1,0.542,0.5759,27,37060.58,SALARIED,TIER_1,0
CUST00000311,0,0.0005,0,0.014,291.7,494.5,0,0.0,0,0.0,0.0,0.8407,0.3437,0.0,1,0.2846,0.1779,37,83059.08,SALARIED,TIER_1,0
CUST00000312,0,0.0207,0,0.0113,159.91,193.4,0,0.0,0,1.3,3.0,0.0326,0.5731,0.0,1,0.23,0.3594,37,93714.02,SALARIED,TIER_2,0
CUST00000313,0,0.0112,0,0.0472,531.53,297.7,0,0.0,0,0.0,0.0,-0.2164,0.5038,0.0,1,0.1746,0.2509,25,54286.12,SALARIED,TIER_1,0
CUST00000314,0,0.0118,0,0.1934,2054.63,1151.8,0,0.0,0,0.0,0.0,-0.7956,0.8352,0.0,0,0.0,0.0,32,76314.53,SALARIED,TIER_1,0
CUST00000315,-1,0.0,0,-0.0579,-615.58,488.0,0,0.0,0,0.0,0.0,0.2973,0.2538,1.5,1,0.3783,0.331,44,239166.93,BUSINESS,TIER_2,0
CUST00000316,0,0.0147,0,-0.0235,63.87,155.9,1,8553.12,1,1.6,4.0,-0.4202,0.9151,0.0,1,0.1418,0.0886,39,73923.44,SALARIED,TIER_2,1
CUST00000317,0,0.041,0,-0.1846,-172.29,5.8,3,49517.89,3,10.4,14.0,-1.0,1.0,0.0,1,0.3423,0.5776,37,57896.83,SALARIED,TIER_2,1
CUST00000318,0,0.0008,0,0.0608,69.2,697.5,0,0.0,0,0.0,0.0,0.8973,0.6496,0.0,0,0.0,0.0,33,59966.01,SALARIED,TIER_3,0
CUST00000319,-1,0.0,0,0.0359,244.86,799.2,0,0.0,0,0.0,0.0,0.1815,0.5092,0.0,1,0.3463,0.5844,31,40316.94,SELF_EMPLOYED,TIER_3,0
CUST00000320,-1,0.0,0,-0.2499,-686.77,23.4,2,34244.68,1,8.6,14.0,1.2463,0.8514,0.0,1,0.2559,2.6065,46,91951.0,SELF_EMPLOYED,TIER_3,1
CUST00000321,-1,0.0,0,0.0022,-163.33,463.7,0,0.0,0,0.0,0.0,-0.5276,0.6772,0.5,1,0.2866,0.2508,36,83887.61,BUSINESS,TIER_2,0
CUST00000322,-1,0.0,0,0.0071,116.61,743.2,0,0.0,0,0.0,0.0,0.1489,0.5186,0.0,1,0.3381,0.4649,25,35059.34,GIG_WORKER,TIER_1,0
CUST00000323,0,0.0204,0,0.017,182.25,534.3,0,0.0,0,0.0,0.0,-0.0469,0.5023,0.5,1,0.4985,3.1779,36,61067.3,SALARIED,TIER_3,0
CUST00000324,0,0.0319,0,0.1268,2221.81,562.8,0,0.0,0,0.0,0.0,0.313,0.4728,0.5,1,0.261,0.2773,54,79887.72,SALARIED,TIER_2,0
CUST00000325,0,0.0139,0,-0.0837,-369.72,127.8,0,0.0,0,2.6,4.0,1.946,0.4593,0.0,1,0.2525,0.4103,38,63908.87,SALARIED,TIER_1,1
CUST00000326,0,0.0254,0,-0.0563,-557.77,316.7,0,0.0,0,0.0,0.0,0.0921,0.3761,1.5,1,0.2368,0.592,37,65345.54,SALARIED,TIER_3,0
CUST00000327,-1,0.0,0,0.0388,162.63,1136.3,0,0.0,0,0.0,0.0,-0.3922,0.4443,0.0,1,0.3542,0.155,48,100322.02,SELF_EMPLOYED,TIER_3,0
CUST00000328,0,0.0345,0,0.1248,1224.47,1108.5,0,0.0,0,0.0,0.0,-0.0408,0.5714,0.0,1,0.1697,0.3712,37,54989.12,SALARIED,TIER_1,0
CUST00000329,0,0.0005,0,-0.0025,411.81,676.0,0,0.0,0,0.0,0.0,-0.0561,0.6461,0.0,1,0.3838,3.55,25,61219.0,SALARIED,TIER_1,0
CUST00000330,0,0.0345,0,-0.049,-195.83,141.1,0,0.0,0,0.0,0.0,2.871,0.4783,1.5,0,0.0,0.0,39,64658.74,SALARIED,TIER_1,0
CUST00000331,0,0.0643,0,-0.3292,-679.39,16.4,1,14939.45,1,8.7,13.0,0.0,0.8964,0.0,1,0.4476,0.1958,29,70290.24,SALARIED,TIER_1,0
CUST00000332,1,0.0119,0,0.0177,-295.26,134.4,1,13315.65,1,1.2,3.0,2.805,0.743,0.0,0,0.0,0.0,38,95347.62,SALARIED,TIER_2,0
CUST00000333,0,0.0089,0,0.0643,999.64,367.7,0,0.0,0,0.0,0.0,0.5937,0.6325,2.0,1,0.2987,1.7177,38,73093.62,SALARIED,TIER_1,0
CUST00000334,0,0.0162,0,-0.0929,-770.52,268.2,0,0.0,0,1.3,4.0,-0.831,0.8002,1.5,1,0.3052,0.4578,47,116014.45,SALARIED,TIER_2,0
CUST00000335,0,0.0224,0,-0.0148,-296.48,375.2,0,0.0,0,0.0,0.0,-0.6129,0.7649,3.0,1,0.3363,3.2999,44,112841.41,SALARIED,TIER_2,0
CUST00000336,-1,0.0,0,-0.0013,-171.36,198.4,1,13885.92,1,2.3,4.0,-0.6041,0.9182,0.5,1,0.6823,0.2985,31,249015.67,BUSINESS,TIER_2,0
CUST00000337,0,0.0138,0,-0.0591,-108.88,402.7,0,0.0,0,0.0,0.0,-0.2966,0.3926,0.0,1,0.4918,3.3813,26,40840.11,SALARIED,TIER_1,0
CUST00000338,-1,0.0,0,0.0738,3473.35,643.3,0,0.0,0,0.0,0.0,-0.4086,0.6143,0.0,1,0.3336,2.0639,43,159077.33,BUSINESS,TIER_3,0
CUST00000339,1,0.0226,0,-0.0206,-312.42,89.4,2,36432.13,2,1.9,4.0,-0.3541,0.6705,0.5,0,0.0,0.0,36,84857.48,SALARIED,TIER_3,0
CUST00000340,0,0.0064,0,-0.0925,-504.28,65.2,1,16890.52,1,1.9,4.0,-0.4889,0.8828,2.0,1,0.2711,0.6608,30,73865.13,SALARIED,TIER_1,0
CUST00000341,0,0.0093,0,-0.0861,-467.34,88.3,1,17154.15,1,1.4,3.0,-0.5523,0.5657,2.0,0,0.0,0.0,45,87636.74,SALARIED,TIER_3,0
CUST00000342,-1,0.0,0,0.1019,1280.13,628.9,0,0.0,0,0.0,0.0,-0.5763,0.8287,0.0,0,0.0,0.0,37,68533.15,BUSINESS,TIER_3,0
CUST00000343,0,0.0122,0,0.1327,596.36,720.7,0,0.0,0,0.0,0.0,0.1909,0.5588,0.0,0,0.0,0.0,30,50637.06,SALARIED,TIER_2,0
CUST00000344,0,0.0125,0,0.0563,172.37,364.7,0,0.0,0,2.0,4.0,0.0,0.6014,0.0,0,0.0,0.0,49,83136.24,SALARIED,TIER_3,0
CUST00000345,0,0.111,0,-0.1809,-267.31,19.0,0,0.0,0,9.7,13.0,-0.5715,0.9031,0.5,1,0.2061,0.5281,28,44998.89,SALARIED,TIER_2,1
CUST00000346,0,0.0217,0,0.0438,272.76,457.3,0,0.0,0,0.0,0.0,11.2103,0.4405,0.0,0,0.0,0.0,23,40739.66,SALARIED,TIER_3,0
CUST00000347,5,0.0251,0,-0.3266,-457.21,25.6,1,13532.56,1,6.4,8.0,0.0479,0.6881,0.0,1,0.2801,0.5253,31,49993.63,SALARIED,TIER_2,1
CUST00000348,0,0.0246,0,0.0171,418.5,314.2,0,0.0,0,2.8,4.0,0.533,0.5213,0.5,1,0.1332,0.2664,51,93620.24,SALARIED,TIER_3,0
CUST00000349,-1,0.0,0,-0.0379,-371.52,515.8,0,0.0,0,0.0,0.0,0.3056,0.2512,0.0,1,0.7226,0.4968,46,124823.51,SELF_EMPLOYED,TIER_2,0
CUST00000350,-1,0.0,0,-0.1537,-254.79,26.2,0,0.0,0,8.5,12.0,0.0,0.9334,0.5,1,0.1808,0.4407,22,38713.84,GIG_WORKER,TIER_2,1
CUST00000351,0,0.0258,0,0.0567,686.03,417.4,0,0.0,0,0.0,0.0,-0.5813,0.6865,0.0,1,0.4182,0.5489,31,53676.27,SALARIED,TIER_1,0
CUST00000352,-1,0.0,0,-0.031,-636.78,1138.0,0,0.0,0,0.0,0.0,-0.4702,0.3305,0.0,1,0.5196,0.4547,49,107059.41,SELF_EMPLOYED,TIER_3,0
CUST00000353,-1,0.0,0,0.0666,4918.42,2089.8,0,0.0,0,0.0,0.0,-0.0918,0.3686,0.0,0,0.0,0.0,39,213271.77,BUSINESS,TIER_3,0
CUST00000354,-1,0.0,0,-0.2615,-317.33,6.0,0,0.0,0,9.0,14.0,-0.3757,0.8556,5.0,1,0.2592,1.6524,28,42273.85,SELF_EMPLOYED,TIER_1,0
CUST00000355,0,0.0247,0,-0.3334,-620.13,27.8,0,0.0,0,9.6,14.0,0.9011,0.899,0.0,1,0.1369,0.3252,39,69523.84,SALARIED,TIER_2,0
CUST00000356,-1,0.0,0,-0.0107,-1046.09,993.8,0,0.0,0,0.0,0.0,-0.2069,0.4613,0.0,0,0.0,0.0,43,145274.59,BUSINESS,TIER_1,0
CUST00000357,0,0.0071,0,-0.2356,-369.57,19.7,1,8493.02,1,10.0,14.0,0.0,0.9073,0.0,0,0.0,0.0,33,46831.23,SALARIED,TIER_1,1
CUST00000358,-1,0.0,0,-0.0235,-253.12,227.6,0,0.0,0,0.0,0.0,0.6627,0.1069,2.0,0,0.0,0.0,25,42369.06,GIG_WORKER,TIER_1,0
CUST00000359,-1,0.0,0,-0.0568,-121.7,125.8,0,0.0,0,1.9,4.0,1.6844,0.6913,0.0,0,0.0,0.0,46,41255.98,SELF_EMPLOYED,TIER_2,0
CUST00000360,-1,0.0,0,0.0217,275.91,182.3,1,10510.05,1,2.3,4.0,0.8936,0.646,0.0,0,0.0,0.0,44,98771.96,SELF_EMPLOYED,TIER_2,0
CUST00000361,-1,0.0,0,0.105,2862.89,993.1,0,0.0,0,0.0,0.0,-0.2824,0.6165,0.0,1,0.1873,0.3512,28,100797.78,SELF_EMPLOYED,TIER_1,0
CUST00000362,0,0.0262,0,-0.0169,-275.81,626.6,0,0.0,0,0.0,0.0,0.3519,0.588,0.0,0,0.0,0.0,36,86403.72,SALARIED,TIER_2,0
CUST00000363,0,0.0212,0,-0.0099,486.35,614.2,0,0.0,0,0.0,0.0,-0.7274,0.804,0.0,0,0.0,0.0,36,80124.28,SALARIED,TIER_1,0
CUST00000364,-1,0.0,0,-0.1964,-974.99,88.1,0,0.0,0,9.1,12.0,-0.8027,0.9478,0.0,0,0.0,0.0,46,141802.64,BUSINESS,TIER_3,0
CUST00000365,0,0.0198,0,-0.0123,230.61,495.2,0,0.0,0,1.3,3.0,-0.3084,0.7649,0.0,0,0.0,0.0,37,67126.76,SALARIED,TIER_1,1
CUST00000366,-1,0.0,0,-0.1628,-1393.14,210.3,0,0.0,0,2.1,4.0,-0.0617,0.7502,1.0,0,0.0,0.0,38,126379.57,SELF_EMPLOYED,TIER_2,0
CUST00000367,2,0.0426,0,-0.2611,-542.79,23.5,1,8724.21,1,10.5,14.0,-0.2524,0.9735,0.0,1,0.1395,2.0309,45,94210.35,SALARIED,TIER_1,1
CUST00000368,0,0.0126,0,-0.1052,-307.55,103.6,0,0.0,0,2.1,4.0,1.6724,0.641,0.0,1,0.4516,0.4799,25,38667.44,SALARIED,TIER_2,0
CUST00000369,0,0.1139,0,-0.3025,-525.89,16.7,1,13374.15,1,8.5,13.0,1.1174,0.8887,0.0,1,0.2398,1.4088,31,67990.8,SALARIED,TIER_1,1
CUST00000370,0,0.0415,0,0.012,-15.05,558.1,0,0.0,0,0.0,0.0,-0.571,0.5688,0.0,0,0.0,0.0,37,80376.02,SALARIED,TIER_2,0
CUST00000371,0,0.0119,0,0.0767,2049.35,1265.6,0,0.0,0,0.0,0.0,-0.2821,0.7859,0.0,0,0.0,0.0,43,97823.82,SALARIED,TIER_2,0
CUST00000372,0,0.0045,0,-0.0368,-502.37,1142.8,0,0.0,0,0.0,0.0,-0.8354,0.5993,0.0,1,0.5268,0.4609,40,64494.98,SALARIED,TIER_3,0
CUST00000373,0,0.0162,0,0.0008,-102.28,704.0,0,0.0,0,1.9,4.0,-0.1772,0.449,0.0,1,0.3592,0.2245,36,68399.49,SALARIED,TIER_1,0
CUST00000374,-1,0.0,0,0.0339,371.08,470.5,0,0.0,0,0.0,0.0,0.061,0.5162,0.5,1,0.4708,3.3547,26,107897.39,SELF_EMPLOYED,TIER_2,0
CUST00000375,-1,0.0,0,0.1801,3008.44,758.2,0,0.0,0,0.0,0.0,0.1674,0.4871,2.0,0,0.0,0.0,42,142463.98,BUSINESS,TIER_1,0
CUST00000376,-1,0.0,0,-0.139,-468.14,89.4,1,11518.91,1,2.9,4.0,-0.5329,0.6534,1.0,1,0.342,1.9239,34,62442.71,SELF_EMPLOYED,TIER_2,0
CUST00000377,0,0.0286,0,-0.1013,-266.67,392.4,0,0.0,0,0.0,0.0,-0.1321,0.7414,0.0,1,0.4238,0.3973,29,41344.65,SALARIED,TIER_2,0
CUST00000378,0,0.032,0,-0.1025,-178.63,14.1,1,10703.98,1,8.0,14.0,-0.2231,0.9432,0.5,0,0.0,0.0,26,61037.43,SALARIED,TIER_1,1
CUST00000379,-1,0.0,0,0.0847,2015.59,838.2,0,0.0,0,0.0,0.0,-0.2285,0.652,0.0,1,0.2199,2.6935,53,121170.91,SELF_EMPLOYED,TIER_2,0
CUST00000380,0,0.022,0,-0.0735,-413.99,160.2,0,0.0,0,1.6,3.0,-0.0939,0.6202,0.5,1,0.196,0.294,47,119479.0,SALARIED,TIER_3,0
CUST00000381,0,0.0231,0,0.0449,452.47,438.6,0,0.0,0,0.0,0.0,0.261,0.5171,0.0,1,0.3909,4.7147,35,78923.18,SALARIED,TIER_2,0
CUST00000382,0,0.0215,0,0.0645,1538.6,602.7,0,0.0,0,0.0,0.0,1.2441,0.5571,0.5,1,0.6183,0.657,43,103916.77,SALARIED,TIER_2,0
CUST00000383,-1,0.0,0,0.0401,437.59,344.8,0,0.0,0,0.0,0.0,1.9937,0.3006,2.0,0,0.0,0.0,37,80024.71,BUSINESS,TIER_3,0
CUST00000384,-1,0.0,0,-0.2268,-475.17,9.5,3,64175.83,3,9.2,14.0,-0.3046,0.9629,0.0,1,0.6682,0.2923,30,119262.21,SELF_EMPLOYED,TIER_3,1
CUST00000385,0,0.0985,0,-0.1739,-318.98,12.1,1,10985.81,1,9.2,14.0,-0.3657,0.8658,4.0,0,0.0,0.0,43,90466.35,SALARIED,TIER_1,1
CUST00000386,-1,0.0,0,0.1082,2496.06,1578.9,0,0.0,0,0.0,0.0,-0.0694,0.4264,0.0,1,0.7043,0.3961,31,122081.08,BUSINESS,TIER_1,0
CUST00000387,4,0.0675,0,-0.139,-314.4,19.5,3,33045.0,2,8.1,12.0,-0.188,0.9499,0.0,0,0.0,0.0,47,117317.84,SALARIED,TIER_1,1
CUST00000388,-1,0.0,0,0.0659,973.51,1004.0,0,0.0,0,0.0,0.0,0.175,0.1234,0.0,1,0.3038,0.1899,26,88313.17,SELF_EMPLOYED,TIER_2,0
CUST00000389,0,0.0255,0,-0.0582,-199.95,478.1,0,0.0,0,0.0,0.0,3.0616,0.307,0.5,1,0.2432,0.2584,32,60539.93,SALARIED,TIER_2,0
CUST00000390,0,0.0311,0,0.0657,651.04,1045.3,0,0.0,0,0.0,0.0,0.8418,0.161,0.0,1,0.1986,0.1613,31,43109.68,SALARIED,TIER_1,0
CUST00000391,0,0.0147,0,0.0738,1174.45,330.4,0,0.0,0,0.0,0.0,1.026,0.4982,0.0,0,0.0,0.0,45,76814.41,SALARIED,TIER_1,0
CUST00000392,-1,0.0,0,0.0792,42.11,356.6,0,0.0,0,0.0,0.0,1.4516,0.5604,0.0,0,0.0,0.0,26,39515.75,GIG_WORKER,TIER_3,0
CUST00000393,0,0.0259,0,0.0373,19.25,129.2,1,15985.62,1,2.4,4.0,-0.0678,0.3626,0.0,0,0.0,0.0,27,48976.68,SALARIED,TIER_3,0
CUST00000394,-1,0.0,0,0.1499,2449.75,370.7,0,0.0,0,0.0,0.0,5.7349,0.6018,1.5,1,0.3042,3.8788,42,143428.16,BUSINESS,TIER_3,0
CUST00000395,0,0.0361,0,0.1147,1094.26,519.5,0,0.0,0,0.0,0.0,0.0493,0.6645,0.0,1,0.1802,0.1352,34,64515.92,SALARIED,TIER_1,0
CUST00000396,0,0.0484,0,-0.3473,-368.9,4.9,2,26326.26,1,10.5,13.0,-0.8602,0.962,3.5,0,0.0,0.0,40,92317.67,SALARIED,TIER_3,1
CUST00000397,1,0.0118,0,-0.0422,-449.83,69.5,1,12959.28,1,1.2,4.0,-0.0141,0.8312,2.0,0,0.0,0.0,47,75579.49,SALARIED,TIER_1,0
CUST00000398,0,0.003,0,-0.1433,-511.88,32.6,2,34000.07,2,8.5,14.0,-0.4166,0.9433,0.0,1,0.3615,3.4794,48,94553.12,SALARIED,TIER_2,1
CUST00000399,-1,0.0,0,-0.0256,303.79,256.7,0,0.0,0,0.0,0.0,0.5892,0.6077,2.0,0,0.0,0.0,45,72647.3,BUSINESS,TIER_2,0
CUST00000400,-1,0.0,0,-0.0017,13.04,653.5,0,0.0,0,0.0,0.0,1.5427,0.4433,0.0,0,0.0,0.0,41,68139.14,BUSINESS,TIER_2,0
CUST00000401,0,0.0259,0,-0.0066,-79.42,677.1,0,0.0,0,0.0,0.0,-0.3003,0.5629,0.0,1,0.4104,2.8984,40,92720.07,SALARIED,TIER_2,0
CUST00000402,2,0.0573,0,-0.2097,-228.13,6.5,2,31559.79,2,8.0,14.0,-1.0,1.0,4.0,1,0.3988,0.8973,30,63362.0,SALARIED,TIER_1,0
CUST00000403,0,0.1299,0,-0.2057,-164.5,5.5,5,56227.54,3,10.2,13.0,0.0,0.9522,0.0,1,0.2851,1.9423,28,59888.88,SALARIED,TIER_3,1
CUST00000404,0,0.0035,0,-0.0418,-230.64,218.8,0,0.0,0,0.0,0.0,1.1191,0.6793,0.0,1,0.196,0.1348,22,49815.03,SALARIED,TIER_2,0
CUST00000405,-1,0.0,0,0.0829,4958.92,1425.4,0,0.0,0,0.0,0.0,0.4849,0.4079,0.0,0,0.0,0.0,49,162912.82,BUSINESS,TIER_3,0
CUST00000406,0,0.0205,0,-0.1772,-677.85,24.7,2,34891.45,2,9.7,13.0,2.6499,0.808,4.5,0,0.0,0.0,52,92059.79,SALARIED,TIER_1,1
CUST00000407,0,0.0411,0,0.1496,1630.82,667.1,0,0.0,0,0.0,0.0,-0.3045,0.4329,0.5,0,0.0,0.0,37,58081.1,SALARIED,TIER_2,0
CUST00000408,0,0.013,0,-0.0499,-787.75,617.1,0,0.0,0,0.0,0.0,-0.3991,0.6079,0.0,0,0.0,0.0,34,78102.02,SALARIED,TIER_1,0
CUST00000409,0,0.0304,0,-0.1525,-149.38,19.6,1,8259.14,1,9.4,14.0,0.0,1.0,0.0,1,0.4164,0.5986,23,36454.05,SALARIED,TIER_2,1
CUST00000410,0,0.0513,0,-0.2454,-300.46,12.1,1,16593.93,1,8.1,13.0,0.0,0.8811,1.0,1,0.2794,2.6368,27,50615.69,SALARIED,TIER_1,1
CUST00000411,0,0.0456,0,0.0795,465.98,433.1,0,0.0,0,0.0,0.0,2.1452,0.3083,0.0,1,0.1778,0.3667,40,72854.46,SALARIED,TIER_3,0
CUST00000412,2,0.0253,0,-0.0262,-376.89,102.8,1,17724.43,1,1.8,4.0,0.1621,0.6779,0.0,1,0.3261,0.2446,27,59562.15,SALARIED,TIER_3,0
CUST00000413,-1,0.0,0,-0.1115,-1123.87,182.3,1,7316.04,1,2.3,4.0,-0.8206,0.9507,0.0,0,0.0,0.0,40,149739.11,SELF_EMPLOYED,TIER_1,1
CUST00000414,0,0.0024,0,-0.0132,-130.51,82.4,0,0.0,0,2.0,4.0,0.9,0.8009,1.0,0,0.0,0.0,32,56019.56,SALARIED,TIER_1,1
CUST00000415,1,0.0293,0,0.0321,20.64,181.3,0,0.0,0,2.1,4.0,0.0,0.5147,0.5,1,0.4556,0.3701,49,71533.07,SALARIED,TIER_3,0
CUST00000416,0,0.1143,0,-0.2922,-757.67,14.1,1,24076.93,1,7.7,12.0,0.0,0.946,0.0,1,0.3567,3.4556,35,79005.85,SALARIED,TIER_1,0
CUST00000417,0,0.0328,0,-0.0466,-364.28,128.1,1,12220.19,1,1.9,4.0,-0.224,0.4157,1.0,1,0.4183,0.5752,42,93236.31,SALARIED,TIER_2,0
CUST00000418,0,0.0276,0,0.0483,448.74,644.3,0,0.0,0,0.0,0.0,-0.4245,0.5102,0.0,0,0.0,0.0,36,80158.08,SALARIED,TIER_2,0
CUST00000419,0,0.0231,0,-0.1143,-706.94,138.9,0,0.0,0,3.0,4.0,-0.4608,0.8406,0.5,1,0.4728,0.7092,32,65355.48,SALARIED,TIER_2,0
CUST00000420,0,0.0156,0,-0.0206,-96.88,320.1,0,0.0,0,0.0,0.0,-0.1034,0.513,0.0,0,0.0,0.0,28,68813.69,SALARIED,TIER_1,0
CUST00000421,-1,0.0,0,0.1676,3474.99,405.0,0,0.0,0,0.0,0.0,-0.186,0.6226,2.0,1,0.2751,1.6678,33,145701.22,SELF_EMPLOYED,TIER_2,1
CUST00000422,-1,0.0,0,0.0257,1127.0,709.5,0,0.0,0,0.0,0.0,-0.0108,0.5531,0.0,1,0.1803,0.0789,30,170806.25,BUSINESS,TIER_2,0
CUST00000423,-1,0.0,0,0.1199,1465.42,425.1,0,0.0,0,0.0,0.0,0.5742,0.6462,0.5,1,0.1581,0.4151,31,112495.0,SELF_EMPLOYED,TIER_1,0
CUST00000424,0,0.0032,0,0.069,1323.99,1338.9,0,0.0,0,0.0,0.0,-0.6937,0.6623,0.5,0,0.0,0.0,47,80865.51,SALARIED,TIER_2,0
CUST00000425,0,0.0063,0,0.0516,1510.94,582.4,0,0.0,0,0.0,0.0,0.7218,0.3136,1.5,0,0.0,0.0,44,117136.48,SALARIED,TIER_3,0
CUST00000426,0,0.0302,0,-0.1558,-328.89,20.9,1,21066.82,1,9.1,14.0,-0.0959,0.9039,1.5,1,0.3732,0.5365,32,54339.64,SALARIED,TIER_1,1
CUST00000427,0,0.0545,0,-0.2945,-652.24,17.5,2,30100.37,1,7.9,13.0,0.2564,0.8578,0.0,1,0.3055,0.7065,57,84639.9,SALARIED,TIER_1,0
CUST00000428,0,0.0131,0,-0.033,81.94,244.6,0,0.0,0,0.0,0.0,-0.6751,0.5446,0.0,1,0.4785,0.8674,33,59777.26,SALARIED,TIER_2,0
CUST00000429,-1,0.0,0,0.0602,44.25,788.1,0,0.0,0,0.0,0.0,0.1997,0.427,0.0,1,0.3954,0.2718,44,57041.78,SELF_EMPLOYED,TIER_1,0
CUST00000430,0,0.0129,0,0.0213,1011.55,657.9,0,0.0,0,0.0,0.0,0.3624,0.534,0.5,1,0.4541,0.1987,35,82129.74,SALARIED,TIER_1,0
CUST00000431,-1,0.0,0,0.0592,133.34,88.6,1,20555.22,1,2.0,4.0,-0.5598,0.8562,0.5,1,0.2145,1.9839,30,71011.09,SELF_EMPLOYED,TIER_1,1
CUST00000432,-1,0.0,0,-0.0463,-178.02,210.2,0,0.0,0,0.0,0.0,-0.2645,0.6337,0.5,0,0.0,0.0,32,74526.3,SELF_EMPLOYED,TIER_2,0
CUST00000433,0,0.0144,0,-0.0259,-352.18,663.8,0,0.0,0,0.0,0.0,-0.0434,0.4889,0.0,1,0.3122,0.7024,30,58049.56,SALARIED,TIER_3,0
CUST00000434,-1,0.0,0,-0.1511,-278.32,13.4,1,24293.37,1,9.4,12.0,0.0315,0.8915,2.5,1,0.5825,2.6938,30,53860.22,SELF_EMPLOYED,TIER_1,1
CUST00000435,-1,0.0,0,-0.0516,-512.17,383.1,0,0.0,0,2.2,4.0,5.3454,0.6427,0.0,1,0.5003,0.4065,31,84305.34,SELF_EMPLOYED,TIER_3,0
CUST00000436,0,0.009,0,-0.0762,-471.72,363.8,0,0.0,0,2.4,4.0,0.2977,0.6479,0.0,1,0.7251,0.4532,27,62909.21,SALARIED,TIER_2,0
CUST00000437,0,0.0111,0,0.0548,161.13,402.2,0,0.0,0,1.9,4.0,2.0016,0.4406,0.0,0,0.0,0.0,29,44104.94,SALARIED,TIER_1,0
CUST00000438,-1,0.0,0,-0.071,-365.47,66.3,0,0.0,0,1.4,4.0,-0.8456,0.8641,1.5,1,0.2734,0.4613,49,64795.1,BUSINESS,TIER_1,0
CUST00000439,-1,0.0,0,0.0352,-148.01,348.5,1,6059.87,1,1.6,4.0,-0.5595,0.8384,0.0,1,0.1885,0.2239,31,127185.43,SELF_EMPLOYED,TIER_2,0
CUST00000440,0,0.0134,0,-0.0498,-220.53,77.0,1,16894.65,1,1.8,4.0,-0.192,0.8471,1.0,1,0.2043,2.0301,35,58923.52,SALARIED,TIER_3,0
CUST00000441,-1,0.0,0,-0.23,-357.19,12.1,2,30986.35,2,8.8,14.0,-0.136,0.8029,1.0,1,0.5064,0.3798,39,56994.14,SELF_EMPLOYED,TIER_2,1
CUST00000442,-1,0.0,0,-0.0188,653.52,940.0,0,0.0,0,0.0,0.0,1.2116,0.6041,0.0,0,0.0,0.0,46,92325.66,SELF_EMPLOYED,TIER_2,0
CUST00000443,-1,0.0,0,-0.1415,-789.69,199.4,0,0.0,0,2.7,4.0,-0.5901,0.9142,0.0,0,0.0,0.0,39,156872.26,BUSINESS,TIER_2,0
CUST00000444,-1,0.0,0,0.0533,830.3,313.6,0,0.0,0,0.0,0.0,0.0901,0.6184,1.5,1,0.2684,0.4696,44,122910.75,SELF_EMPLOYED,TIER_1,0
CUST00000445,0,0.1194,0,-0.2706,-339.11,9.5,1,20344.16,1,10.4,13.0,0.1033,0.9393,0.0,1,0.2477,0.3096,31,56488.78,SALARIED,TIER_3,0
CUST00000446,0,0.0238,0,0.0437,91.9,377.2,0,0.0,0,0.0,0.0,0.9749,0.6687,0.0,1,0.6391,0.5592,31,63390.5,SALARIED,TIER_3,0
CUST00000447,0,0.0332,0,-0.0897,-962.48,367.7,0,0.0,0,0.0,0.0,0.7713,0.3965,0.0,1,0.4969,0.4038,48,95091.66,SALARIED,TIER_1,0
CUST00000448,0,0.0183,0,0.0988,1893.47,1002.1,0,0.0,0,0.0,0.0,0.653,0.2735,0.0,1,0.2012,1.3959,35,77771.95,SALARIED,TIER_1,0
CUST00000449,-1,0.0,0,-0.0716,-478.53,176.6,1,23016.23,1,0.9,2.0,0.0543,0.7312,0.0,0,0.0,0.0,36,124556.35,BUSINESS,TIER_2,1
CUST00000450,0,0.0045,0,-0.3172,-341.03,8.8,2,24486.68,2,9.6,14.0,0.0,0.0,0.0,1,0.3679,0.3909,37,67468.72,SALARIED,TIER_1,0
CUST00000451,0,0.0008,0,0.0088,-44.63,382.3,0,0.0,0,0.0,0.0,-0.1722,0.556,0.0,1,0.2962,0.3147,35,57275.57,SALARIED,TIER_1,0
CUST00000452,0,0.0155,0,0.0356,360.65,340.0,0,0.0,0,0.0,0.0,1.226,0.2691,0.5,1,0.2218,0.2218,37,52228.71,SALARIED,TIER_1,0
CUST00000453,-1,0.0,0,-0.0107,115.18,1598.0,0,0.0,0,0.0,0.0,-0.787,0.5564,0.0,1,0.422,0.3956,37,123275.29,SELF_EMPLOYED,TIER_1,0
CUST00000454,-1,0.0,0,-0.1811,-1770.81,44.4,3,50101.47,2,7.6,14.0,-0.354,0.8632,2.0,1,0.1506,0.1224,47,230156.94,BUSINESS,TIER_3,1
CUST00000455,-1,0.0,0,-0.0581,-782.36,85.4,2,31964.95,2,1.9,4.0,0.9003,0.6772,2.0,0,0.0,0.0,48,216273.98,BUSINESS,TIER_1,0
CUST00000456,0,0.0265,0,-0.1177,-187.86,69.5,0,0.0,0,2.7,4.0,0.4083,0.8792,0.5,1,0.4051,0.8608,24,43043.94,SALARIED,TIER_1,1
CUST00000457,0,0.028,0,0.0242,370.03,416.3,0,0.0,0,0.0,0.0,0.1068,0.6291,0.5,0,0.0,0.0,30,61556.59,SALARIED,TIER_1,0
CUST00000458,1,0.0052,0,0.0471,129.24,112.9,1,22246.69,1,2.6,4.0,2.2482,0.7977,0.0,1,0.2264,1.2449,43,62182.72,SALARIED,TIER_3,0
CUST00000459,0,0.0132,0,0.1174,1402.6,388.0,0,0.0,0,0.0,0.0,1.095,0.5463,0.0,0,0.0,0.0,34,71363.74,SALARIED,TIER_1,1
CUST00000460,0,0.0973,0,-0.2061,-193.88,20.8,1,6498.67,1,10.1,14.0,0.0,0.7376,0.0,0,0.0,0.0,42,65421.41,SALARIED,TIER_1,0
CUST00000461,-1,0.0,0,0.0145,140.72,450.8,0,0.0,0,0.0,0.0,-0.7094,0.8352,0.5,0,0.0,0.0,32,43495.63,SELF_EMPLOYED,TIER_3,0
CUST00000462,0,0.0408,0,0.0301,422.51,306.2,0,0.0,0,0.0,0.0,0.9511,0.4248,2.0,1,0.4319,0.27,27,54195.4,SALARIED,TIER_1,1
CUST00000463,0,0.0422,0,-0.2542,-456.54,14.8,3,30798.71,2,9.0,14.0,0.0,0.9243,0.0,1,0.326,0.2853,34,49338.76,SALARIED,TIER_2,0
CUST00000464,0,0.0155,0,-0.0259,-439.0,117.4,0,0.0,0,2.4,4.0,0.2082,0.5974,2.0,1,0.323,0.1413,41,77868.65,SALARIED,TIER_3,0
CUST00000465,0,0.0334,0,-0.0494,-588.01,372.1,0,0.0,0,0.0,0.0,-0.5134,0.5787,0.5,0,0.0,0.0,29,53185.76,SALARIED,TIER_1,0
CUST00000466,0,0.0196,0,0.0679,1976.2,1095.8,0,0.0,0,0.0,0.0,-0.4371,0.5401,0.0,1,0.2048,0.256,44,97087.61,SALARIED,TIER_3,0
CUST00000467,-1,0.0,0,-0.2554,-284.96,11.8,1,9306.8,1,9.7,13.0,0.0,0.948,0.0,0,0.0,0.0,36,68889.31,BUSINESS,TIER_1,1
CUST00000468,2,0.0251,0,-0.0921,-352.76,284.2,0,0.0,0,1.6,3.0,0.7621,0.6586,0.0,1,0.3312,0.766,30,64926.88,SALARIED,TIER_2,0
CUST00000469,0,0.0238,0,-0.0975,-271.63,77.0,0,0.0,0,2.7,4.0,-0.2641,0.669,1.5,1,0.5301,0.4638,35,55982.3,SALARIED,TIER_3,0
CUST00000470,0,0.0677,0,-0.2387,-602.61,14.7,1,20435.04,1,10.6,14.0,1.0091,0.9557,2.5,1,0.2567,1.2352,47,120727.82,SALARIED,TIER_3,1
CUST00000471,1,0.0329,0,-0.1211,-318.79,86.9,0,0.0,0,2.4,4.0,0.3783,0.5283,0.5,0,0.0,0.0,30,42336.97,SALARIED,TIER_3,0
CUST00000472,-1,0.0,0,-0.1004,-788.86,188.4,0,0.0,0,1.3,4.0,-0.1162,0.6795,0.0,1,0.2882,0.8825,43,105057.45,BUSINESS,TIER_1,1
CUST00000473,0,0.1194,0,-0.3406,-593.6,6.6,4,62388.09,2,8.4,11.0,-0.0187,0.8875,0.0,1,0.4181,0.209,33,57907.88,SALARIED,TIER_2,1
CUST00000474,1,0.0232,0,-0.1342,-560.92,75.6,0,0.0,0,2.1,4.0,4.3261,0.1314,2.0,1,0.4936,0.4319,43,74207.04,SALARIED,TIER_1,0
CUST00000475,1,0.034,0,-0.1323,-317.01,76.2,0,0.0,0,2.0,4.0,-0.4096,0.5628,0.0,1,0.3461,0.3245,29,54786.03,SALARIED,TIER_3,0
CUST00000476,-1,0.0,0,0.0656,563.94,434.3,0,0.0,0,0.0,0.0,0.5255,0.5664,0.0,0,0.0,0.0,41,94424.82,BUSINESS,TIER_2,0
CUST00000477,0,0.0094,0,0.0193,30.84,106.4,0,0.0,0,2.0,4.0,0.7324,0.728,2.0,1,0.2885,0.9736,51,101621.23,SALARIED,TIER_3,0
CUST00000478,2,0.0714,0,-0.1932,-421.61,18.9,1,5945.38,1,10.5,14.0,0.0,0.8907,0.5,1,0.3954,3.8553,39,84298.31,SALARIED,TIER_1,1
CUST00000479,0,0.0368,0,-0.2269,-438.77,13.1,3,47766.61,2,8.9,13.0,0.0,0.815,0.0,1,0.2162,0.3918,43,76686.21,SALARIED,TIER_1,1
CUST00000480,0,0.0165,0,0.0009,-247.76,179.6,0,0.0,0,0.0,0.0,1.0009,0.4482,1.5,1,0.1869,0.292,32,45103.12,SALARIED,TIER_2,0
CUST00000481,4,0.0325,0,-0.3182,-375.6,5.4,1,22533.51,1,9.7,14.0,3.5693,0.8843,1.0,1,0.7111,0.6667,28,56228.47,SALARIED,TIER_1,0
CUST00000482,0,0.0305,0,0.0634,250.61,215.7,1,15241.05,1,1.7,4.0,0.1184,0.8225,1.0,0,0.0,0.0,48,103087.0,SALARIED,TIER_1,0
CUST00000483,0,0.0004,0,-0.0177,2.97,440.6,0,0.0,0,0.0,0.0,-0.513,0.6794,0.0,0,0.0,0.0,29,42204.38,SALARIED,TIER_1,0
CUST00000484,0,0.0194,0,0.0178,291.06,430.4,0,0.0,0,0.0,0.0,1.1644,0.4669,0.0,1,0.4028,3.676,29,54364.27,SALARIED,TIER_1,0
CUST00000485,0,0.0183,0,-0.034,-368.16,277.5,0,0.0,0,1.7,3.0,-0.5839,0.7047,0.0,0,0.0,0.0,40,102066.89,SALARIED,TIER_2,0
CUST00000486,0,0.0184,0,0.0958,2075.02,912.1,0,0.0,0,0.0,0.0,-0.2468,0.7158,0.0,1,0.3214,2.9525,46,68414.48,SALARIED,TIER_1,0
CUST00000487,-1,0.0,0,0.0167,190.32,716.1,0,0.0,0,0.0,0.0,-0.4978,0.485,0.0,1,0.3595,0.3146,29,72701.59,SELF_EMPLOYED,TIER_1,0
CUST00000488,0,0.1127,0,-0.2666,-525.06,21.2,1,13747.31,1,9.8,13.0,-0.0227,0.6388,1.0,1,0.3945,3.3282,40,62047.9,SALARIED,TIER_1,0
CUST00000489,0,0.0153,0,0.0709,1346.24,996.8,0,0.0,0,0.0,0.0,-0.023,0.4864,0.0,0,0.0,0.0,37,68007.13,SALARIED,TIER_3,0
CUST00000490,0,0.0125,0,-0.2833,-747.2,17.8,3,39820.52,3,8.1,11.0,-0.5913,0.0,0.0,1,0.4548,3.9514,47,87651.94,SALARIED,TIER_2,0
CUST00000491,1,0.0285,0,0.0363,354.4,436.4,0,0.0,0,2.4,4.0,0.0,0.7082,1.0,0,0.0,0.0,38,81889.71,SALARIED,TIER_2,0
CUST00000492,0,0.0438,0,-0.0445,-611.92,258.4,0,0.0,0,0.0,0.0,0.455,0.3451,1.5,1,0.6799,0.6799,45,71941.66,SALARIED,TIER_3,0
CUST00000493,-1,0.0,0,-0.0022,933.61,1102.3,0,0.0,0,0.0,0.0,0.1742,0.3226,0.0,0,0.0,0.0,31,121525.72,BUSINESS,TIER_2,0
CUST00000494,-1,0.0,0,0.1024,1967.07,1284.0,0,0.0,0,0.0,0.0,-0.5801,0.6785,0.5,1,0.327,0.8789,44,77545.05,SELF_EMPLOYED,TIER_2,0
CUST00000495,-1,0.0,0,-0.2431,-1109.79,15.1,1,13926.49,1,8.2,11.0,-0.1177,0.9555,5.5,1,0.4116,0.1801,30,132621.72,SELF_EMPLOYED,TIER_2,1
CUST00000496,-1,0.0,0,-0.0972,-967.5,149.5,0,0.0,0,1.4,4.0,0.0114,0.7721,0.0,1,0.2981,3.857,56,146183.3,SELF_EMPLOYED,TIER_1,0
CUST00000497,0,0.0367,0,0.029,528.82,1162.0,0,0.0,0,0.0,0.0,-0.4837,0.3847,0.0,1,0.3017,2.6966,27,62454.34,SALARIED,TIER_1,0
CUST00000498,0,0.0037,0,0.0128,-2.71,103.9,1,17335.51,1,2.3,4.0,-0.1448,0.7159,1.0,1,0.2595,0.4541,31,61894.95,SALARIED,TIER_2,0
CUST00000499,0,0.0202,0,0.1402,895.66,726.4,0,0.0,0,0.0,0.0,0.0159,0.4539,0.0,1,0.424,0.3445,24,38124.25,SALARIED,TIER_3,0
CUST00000500,0,0.0287,0,0.0838,483.4,431.7,0,0.0,0,0.0,0.0,-0.1941,0.4034,0.0,0,0.0,0.0,32,70358.11,SALARIED,TIER_3,0
